0.0, 0.0
0.3074866310160428, 0.0
0.7185828877005348, 0.0
0.9832887700534759, 0.0
1.3810160427807487, 0.0
4.949866310160428, 0.0
9.04144385026738, 0.0
18.32419786096257, 0.0
29.709224598930483, 0.0

9.148758341650102e-06, 4.233681612358502e-07
-0.41071684768867, 0.19517323283555724
0.39774524017674007, 0.6011717500746033
0.8031953346917419, 0.5725158859280435
1.2880076523931254, 0.5220093250145663
4.94252486054588, -0.27607507504893575
9.039231930388596, 0.20513215792341502
18.32366030352186, 0.14335087390063467
29.7090202025599, 0.11068280867652873

3.523879302663056e-05, 2.168322400830585e-06
-0.05157397043268057, -0.37759102665685496
-0.2768107350019164, 0.6706532686018419
0.33107671637385644, 0.9376462458835245
1.0245110146850205, 0.9753699282892238
4.920525344407861, -0.5513303940042124
9.032597867979913, 0.41016208376017255
18.32204767110418, 0.28669330820582845
29.708407016709643, 0.2213640905789525

7.644232525688634e-05, 4.661697200622291e-06
-0.014136381137092292, 0.3731895470350785
-0.7117822886988847, 0.1551316509549879
-0.2594785327671991, 0.9702812767548339
0.6318456635952653, 1.3067243548178247
4.883942127473951, -0.8249497912094953
9.021546649794418, 0.6149879307478628
18.319360083222037, 0.4300188650098991
29.707385051151206, 0.3320423190132253

0.00013110499503582646, 6.507729999055088e-06
-0.4255720483006117, -0.1683962804114838
-0.5331870417104982, -0.4944997133518378
-0.7614130596142897, 0.6678746295269776
0.1648494332410627, 1.486210136588963
4.8328987383282875, -1.0961242001493274
9.006086289312597, 0.8195085135686635
18.315597738503953, 0.5733191097759949
29.705954322138957, 0.4427159674510745

0.00019864835190231734, 4.9422728746231195e-06
0.3049345936469603, -0.04509433287415647
0.1063303134460948, -0.7149877825890333
-1.0072176878869188, 0.13999217805027797
-0.3205055328469165, 1.5071565273211325
4.767567238978597, -1.3640550639113889
8.986227517704931, 1.0236234319676358
18.310760913998944, 0.7165856128820592
29.704114852378485, 0.5533835096102512

0.00028039379897432055, -1.697081684723494e-06
-0.3931738711005188, 0.22086556609711888
0.6505894551698224, -0.3067795020550884
-0.9176055464816458, -0.4346341937062379
-0.7751861708536136, 1.3807414958705206
4.688167295009816, -1.6279576244404765
8.961983523601928, 1.227233073632618
18.304849964249748, 0.8598099509731568
29.701866670980444, 0.6640434195253188

0.00037694052070782926, -1.3660589898610062e-05
-0.08816569260117361, -0.37845545606401115
0.61470044810477, 0.3741829064745301
-0.5212519913015917, -0.8635654067861103
-1.1604592190222676, 1.1296783951819545
4.594964953927496, -1.887064074130474
8.933369782618575, 1.4302385599394114
18.29786532020234, 1.0029837081317916
29.699209813402256, 0.7746941716131938

0.0004884861083886218, -3.097457277866665e-05
0.023841647000123513, 0.36499352656026535
0.031100871033611924, 0.7227302352371272
0.05211596618933592, -0.9978281987707494
-1.4481927510452888, 0.7831699834922041
4.488271152819381, -2.140626571405814
8.90040397127212, 1.6325416867472873
18.289807488060433, 1.1460984768325841
29.69614432138521, 0.8853342407285069

0.0006140620346171172, -5.330763727728153e-05
-0.437755709875782, -0.1407448286148484
-0.5813048535455585, 0.4368475428284407
0.6063823840072136, -0.782718762968829
-1.6198450314825474, 0.3736356386660576
4.36843996484675, -2.3879200945141092
8.863105937682976, 1.8340448869028831
18.28067704807355, 1.2891458586743199
29.69267024287832, 0.9959621022073203

0.0007522851434088292, -8.203092195793827e-05
0.2972908161896783, -0.08949161151541266
-0.6911750205459953, -0.2277531273822062
0.9421034119185331, -0.2866309988223195
-1.665267190720285, -0.06511932617502939
4.235866639767674, -2.6282451149041046
8.82149770210968, 2.034651222589775
18.270474653335643, 1.4321174649758854
29.68878763195584, 1.1065762319082044

0.0009033119127410486, -0.000118602879447936
-0.3730437611844212, 0.2451813947982651
-0.20446080368287053, -0.6954295350123084
0.933608487446264, 0.3138914665578901
-1.5818792219952131, -0.4988314479556809
4.090985462657922, -2.8609300954157075
8.775603470133026, 2.2342644041383166
18.25920102873915, 1.5750049172345832
29.684496548744953, 1.2171751062451024

0.0010673173858739096, -0.00016376162945663298
-0.12362975984635294, -0.37607391310823535
0.45975942045500334, -0.5556157275687872
0.5841773138237902, 0.7999907926840595
-1.3744402725802651, -0.8933121106242918
3.9342674276709197, -3.085333783828778
8.725449647037582, 2.432788827538853
18.24685697004957, 1.7177998474186587
29.679797059353927, 1.3277572022039612

0.0012450203588272154, -0.00021765324265709976
0.06187128600805977, 0.3527580068750309
0.7157772901431112, 0.0761316630269881
0.024537227620472467, 0.9990998715109644
-1.0554592545742034, -1.2150461590974388
3.766217769529296, -3.300847269624507
8.671064846673321, 2.630129624217244
18.233443343042357, 1.860493898167368
29.674689235793576, 1.4383209973511093

0.0014359704386005662, -0.00027882810292713313
-0.4472439604988342, -0.11251672387959864
0.3337248046568342, 0.6399119667737219
-0.5442779460845804, 0.8487150799082305
-0.6461605380793461, -1.4323253105053582
3.5873733969348804, -3.506895819975026
8.612479893050004, 2.8261927189870706
18.218961082770875, 2.0030787229752907
29.669173155903472, 1.5488649698392922

0.0016378846200278021, -0.0003470165622524202
0.2847838616496614, -0.13247770827762403
-0.34378389774447554, 0.6382394177594672
-0.928053623514528, 0.40891414735721077
-0.17770665749500322, -1.5174436973792453
3.3983002283922246, -3.7029404844332228
8.549727815457802, 3.0208848924847227
18.203411192995127, 2.1455459863498363
29.663248903287098, 1.6593875984063455

0.0018488013530776053, -0.0004231527881928116
-0.35040880549760006, 0.2678686333446665
-0.7223185824785553, 0.08030820880300507
-1.0012948720130328, -0.16801523159181436
0.30802334467277076, -1.4504762325561997
3.1995904661306045, -3.888479459580355
8.482843836743006, 3.2141138452770845
18.18679474571139, 2.2878873639695065
29.656916567250185, 1.769887362369386

0.002066907926664409, -0.0005091837634518742
-0.1577355136120994, -0.37072986585947176
-0.47682067363213076, -0.5474092236478917
-0.7404993425117503, -0.6889839927072751
0.7594252526522223, -1.2248128892416552
2.9918598276688178, -4.063049223041347
8.411865355855479, 3.405788262844229
18.16911288082232, 2.4300945428814487
29.650176242751552, 1.8803627416174034

0.002292497116927904, -0.0006077446106247348
0.09952994932346125, 0.33629276611759157
0.1827966292626952, -0.7000289881720304
-0.22978054681841062, -0.9773467467691688
1.1197844197547706, -0.8535202583730347
2.7757447510825046, -4.2262254271028565
8.336831925966347, 3.5958178799239073
18.1503668059267, 2.572159221700627
29.643028030363247, 1.990812216595907

0.0025270152443890876, -0.0007194142630827077
-0.45409095937901345, -0.08389988291314933
0.6815261459076597, -0.23678952030877257
0.36016658716035105, -0.9280376424136352
1.336822119940071, -0.3736722536201173
2.551899609466868, -4.377623557491459
8.257785227625952, 3.784113543191442
18.130557796127267, 2.714073110830368
29.63547203622876, 2.101234268288368

0.0027711879550590644, -0.0008436991604990052
0.2676699010822089, -0.17348396692062468
0.5742934034880669, 0.43642319780589617
0.8220811086693941, -0.5495027223359018
1.3757023146997738, 0.15563484629218863
2.320993958559609, -4.5168993851050665
8.17476903725902, 3.970587272676965
18.109687193880173, 2.8558279327705534
29.627508372026607, 2.2116273782039912

0.003025056827208621, -0.0009790218104442836
-0.32540120839583825, 0.2886969792680071
-0.042191361181984764, 0.7215041786032521
0.9858867460805377, 0.027915556982827754
1.2299347446959619, 0.6640149320163797
2.0837098137122148, -4.6437492100647635
8.087829192749357, 4.15515232221093
18.08775640895804, 2.997415422490657
29.619137154951517, 2.321990028366442

0.003286447383109883, -0.0011240817625541885
-0.19036549139011819, -0.36268842649884997
-0.6209698792304552, 0.37328729623532586
0.7896498443170215, 0.5947705288002824
0.9235976108257763, 1.0859540177390026
1.8407389828830831, -4.757909893105911
7.997013556550401, 4.337723237860124
18.064766918455454, 3.1388273278162018
29.610358507700923, 2.4323207012983725

0.003553301635226014, -0.00127959829774287
0.13619580099372583, 0.31547401326114916
-0.6609089185743273, -0.2992559732060546
0.3076914487476394, 0.9459326992061583
0.5033789943862803, 1.3745532462127452
1.5927804811075896, -4.85915870232242
7.902371975726242, 4.518215914306928
18.0407202667928, 3.2800554098626447
29.60117255846389, 2.5426178800085255

0.0038244841261727857, -0.0014463859253703102
-0.4583414504603487, -0.05512770134581927
-0.12766881436789823, -0.7139274426842096
-0.2830364644331401, 0.9616286004176318
0.02558669079811254, 1.5070970383036086
1.3405380312049564, -4.947312990650568
7.803956239800108, 4.696547649357452
18.015618065749003, 3.421091443511578
29.591579440917513, 2.652880047980748

0.00409942564399773, -0.0016256719987970888
0.24638447614589282, -0.2118946469546644
0.5187000468273827, -0.5052300177627963
-0.7758527824474029, 0.6452044609163072
-0.4552319807871101, 1.4828142672580338
1.0847176626653297, -5.022229714170346
7.701820036170358, 4.8726371960414685
17.989461994477708, 3.561927217913979
29.581579294223953, 2.7631056891641204

0.004378750626178082, -0.0018175230413912421
-0.2981868900820206, 0.30743020640743035
0.706892738511824, 0.149911695553254
-1.0065775959679257, 0.11060715175211258
-0.8928868866135037, 1.316892887051553
0.8260254165526038, -5.083804813072666
7.5960189028787335, 5.046404812683965
17.96225379950439, 3.7025545370546635
29.571172263030334, 2.8732932879703497

0.004661639281633148, -0.0020207975740310427
-0.22136437690294675, -0.3521878085109934
0.2679230517217858, 0.670012577451702
-0.9007920380817676, -0.46152746706034925
-1.2518098377317242, 1.0343975224996622
0.5651651559481927, -5.131972454682107
7.486610179727902, 5.217772311545415
17.933995294778196, 3.842965220373539
29.5603584974814, 2.9834413292759585

0.004946588346981804, -0.0022353763821861784
0.17128114757233662, 0.2902903303973541
-0.4052060678214974, 0.5973370848668332
-0.4922725109446892, -0.8795502217487817
-1.506813045595242, 0.6657426653794795
0.30283650382288985, -5.166704154225131
7.373652958705956, 5.3866631055244305
17.904688361747336, 3.9831511033728213
29.54913815323763, 3.093548298420235

0.005232094822148618, -0.0024614768000311453
-0.46007886649471663, -0.02636488232097851
-0.723402876195896, 0.003014407473445767
0.08512071486688166, -0.9978622308071621
-1.6419336128945607, 0.24389356420342498
0.03973290802536236, -5.188007806448092
7.257208032572527, 5.5530022518129725
17.874334949357404, 4.123104038225902
29.537511391485268, 3.2036126812051466

0.005517021880450757, -0.002700636192898762
0.2213369670090137, -0.24731662775878596
-0.41369589083464803, -0.5960545014599962
0.6334584969868962, -0.7671630252636709
-1.649305238422062, -0.19714206881052432
-0.22346017318822042, -5.195926635531999
7.137337841282506, 5.716716493444296
17.8429370740297, 4.262815894442891
29.52547837894918, 3.313632963903768

0.005802361277693457, -0.0029539390678100844
-0.26893400839715037, 0.32386353473149027
0.2587553994857755, -0.6790131693793097
0.955022888084007, -0.26172775669199844
-1.528495163262652, -0.6230735480859872
-0.48606696412885314, -5.1905380670819765
7.014106417529569, 5.877734298994646
17.810496819658272, 4.402278559553952
29.513039287912466, 3.4236076332705863

0.006088984444158424, -0.003220588834525321
-0.25069609436668694, -0.33945652899497564
0.7061853572103753, -0.165796989560808
0.9293549298303939, 0.33805412183857436
-1.2864650382277232, -0.9998308217900378
-0.7474229359209109, -5.171952537448282
6.887579331096826, 6.035985899751146
17.777016337577876, 4.541483939799327
29.500194296234618, 3.5335351765537366

0.0063772166137235735, -0.0034990929674503122
0.20412624219527034, 0.26077529861925447
0.5286231053992737, 0.4920859085897933
0.5663325151789099, 0.8135388192679727
-0.9381654169370316, -1.2942687120246803
-1.0068762459418934, -5.140312255762403
6.757823631836913, 6.191403324776552
17.742497846527478, 4.680423960851054
29.486943587373737, 3.643414081512031

0.006665896070028463, -0.0037869888966865143
-0.45937795346178795, 0.002210050174575599
-0.11397876569760107, 0.710544753807039
0.001620257030941305, 0.9963026856244375
-0.5076266225428627, -1.4755571334633146
-1.263789052228953, -5.095789933328976
6.624907792362387, 6.343920434285692
17.706943632634843, 4.819090568524716
29.473287350412193, 3.753242836430078

0.006952015099675052, -0.004083587537901685
0.1930722060620324, -0.27934269222867025
-0.6529388849437898, 0.30388639569759773
-0.5623684747203468, 0.8297722598898958
-0.029148528483539014, -1.517798316383589
-1.517538716290983, -5.038587496932553
6.488901650397044, 6.493472950025508
17.67035604932474, 4.9574757294608265
29.45922578007276, 3.8630199301330617

0.007233670174271201, -0.004389883993148865
-0.23784395961495386, 0.3377961121081709
-0.6226987878442282, -0.36930942873439593
-0.9334928646032807, 0.3792977649814531
0.45228279787413905, -1.4043397664138255
-1.7675188984206462, -4.968934779028238
6.349876349230383, 6.6399984825667
17.63273751716925, 5.095571431855972
29.4447590767326, 3.972743852011267

0.007509749755330696, -0.004707148190638629
-0.2782440457204985, -0.32468635221130904
-0.048837156505081004, -0.7264861617273216
-0.9905415059405795, -0.19968064521277526
0.8828674243313936, -1.1337218594115444
-2.013140539038668, -4.887088193014779
6.207904277422077, 6.7834365572288915
17.594090523790612, 5.233369686229298
29.429887446448017, 4.082413092048187

0.007780839246658774, -0.005036858017123225
0.23405339507743467, 0.22717948392008383
0.5724507958657647, -0.45114992031924916
-0.7151552339316148, -0.7135408288183628
1.206002242606073, -0.725824228230246
-2.253832733524396, -4.79332941695874
6.063059008948758, 6.923728638081262
17.554417623767204, 5.370862526154025
29.414611100979137, 4.192026140843819

0.008048312709616359, -0.005378309635619549
-0.4563172627549244, 0.030488796320187757
0.6905731852464924, 0.22012492153879795
-0.19625042872676304, -0.9877923640843904
1.3731683029212447, -0.22477966721517306
-2.4890435149586843, -4.687964088419203
5.915415242999941, 7.060818149051833
17.513721438475496, 5.508042008976722
29.398930257806775, 4.30158148963991

0.008312013896341678, -0.005730094381866627
0.16207680046211712, -0.30772758281179163
0.19947702280991597, 0.6907733066360957
0.39235179896102557, -0.9219645442787704
1.357029419377243, 0.3055315894789003
-2.718240546039437, -4.571320512846019
5.765048743085937, 7.194650492649891
17.472004655920028, 5.644900216559273
29.38284514015092, 4.411077630349338

0.008571359273162483, -0.006090974514064667
-0.20511716013739945, 0.34906378537506605
-0.4619566229821215, 0.547972186566925
0.8433733255675739, -0.5304691837957217
1.1603422191021413, 0.7944377235559444
-2.9409117315174527, -4.443748390277223
5.612036276332548, 7.325173066781716
17.429270030556363, 5.781429256002352
29.366355976987997, 4.520513055584034

0.008824724870285587, -0.006460095943178765
-0.30402442037666266, -0.30805352675081066
-0.7165052952059793, -0.07622152944302957
0.9904806429024908, 0.05122564723754249
0.8150110271999423, 1.1807823741340036
-3.1565657477214155, -4.305617557789464
5.456455552723795, 7.452335278648482
17.385520383049773, 5.9176212603689375
29.34946300306192, 4.629886258686966

0.009071190305382264, -0.006838162465488876
0.2604044390344902, 0.18974479306719902
-0.3460742995197205, -0.640129416425958
0.7780382704729208, 0.6118525507640987
0.3719266947325309, 1.424603158202856
-3.364732494711793, -4.157316762431971
5.298385163636432, 7.57608855641309
17.34075860005517, 6.0534683894505115
29.33216645890306, 4.739195733769096

0.009311144747999503, -0.00722506585962757
-0.4509714269968723, 0.05832305277367657
0.331731268820949, -0.6524879035756749
0.2864030857457549, 0.9487299892368617
-0.11213742308613425, 1.510115626603553
-3.5649634882013497, -3.9992524731168135
5.137904521075612, 7.696386359680328
17.294987634033216, 6.188962830501474
29.314466590849207, 4.848439975740241

0.009544629302874546, -0.007620153497805944
0.12886946508667588, -0.33231213236662616
0.7228102675480723, -0.09498854739286887
-0.30430672139862947, 0.9474618205510584
-0.5846337696009143, 1.4419088772718227
-3.756832199366739, -3.831847719472502
4.975093797909307, 7.813184187533763
17.248210502989615, 6.324096798921842
29.29636365105402, 4.95761748033785

0.009771819984579891, -0.008022045037935617
-0.17098114984713994, 0.35747736445078204
0.4769178305227506, 0.5402834910009381
-0.7879271639403754, 0.6172129808030103
-1.002410049273845, 1.2386398334786024
-3.9399343319974562, -3.655540955995143
4.810033867952477, 7.926439583416024
17.200430290150763, 6.458862538968932
29.277857897492208, 5.066726744163833

0.009991124227781527, -0.008428878951741894
-0.32793887338776073, -0.2897224143225257
-0.1847415661606035, 0.6898873298651367
-1.0036617849345895, 0.07621986316347158
-1.3330379455197428, 0.927323677476247
-4.1138880508942295, -3.4707849666632726
4.642806245839548, 8.036112138149011
17.151650143677372, 6.593252324497169
29.25894959397264, 5.175766264723055

0.010200425793223427, -0.008840854110808006
0.28253841631504634, 0.1489912946976865
-0.6781863551586168, 0.2292916390722121
-0.881991353874861, -0.4930389287744368
-1.5541656306873886, 0.53934095942466
-4.278334169618895, -3.2780458041727885
4.473493027895116, 8.142163491534427
17.101873276372544, 6.727258459662783
29.239639010148544, 5.284734540458139

0.010398799901735329, -0.00925881316482529
-0.44340374415912115, 0.08561561554087975
-0.5781150985009099, -0.4372863519905792
-0.46184218925777687, -0.899787740873431
-1.6523028908020776, 0.10807598826726977
-4.432936299179407, -3.0778017655813295
4.302176833647641, 8.244557331520076
17.051102965351568, 6.8608732796274925
29.219926421524825, 5.393630070786647

0.010586113417968007, -0.009684150296775069
0.09398817548032624, -0.3529643954014637
0.030139262632249045, -0.7328774099778865
0.11881144556626175, -1.0019586693663152
-1.6218052260347402, -0.3323142984686312
-4.577380970587007, -2.870542405519189
4.128940747842246, 8.343259391704988
16.99934255172691, 6.994089151260544
29.199812109467754, 5.50245135613708

0.010764293104585688, -0.010117420986369625
-0.13565251671115158, 0.3629125246451362
0.6192808309886702, -0.39376421244590926
0.660414548180918, -0.7557836711521052
-1.4643895654921413, -0.7475370132935978
-4.711377730147547, -2.6567675738698977
3.9538682637198654, 8.438237447186085
16.94659544025904, 7.12689847379717
29.179296361207037, 5.611196897981474

0.010934802253253979, -0.010556765308075445
-0.3500011393310048, -0.2698137219648799
0.6659254635674022, 0.28611200333644826
0.9672287078151831, -0.24137699074566354
-1.18928717042022, -1.1036827835141392
-4.834659197671806, -2.4369864847681915
3.777043227091981, 8.529461307829326
16.892865098937005, 7.259293679497142
29.158379469831868, 5.719865198873419

0.011097696326372442, -0.01100004924015766
0.2998990197696944, 0.10542478614868984
0.1282574343296036, 0.7022308542914927
0.9241281827883566, 0.3572163810971987
-0.8140019050515089, -1.368086308136997
-4.946981111817555, -2.211716827395671
3.5985497806557123, 8.61690280945743
16.838155058580355, 7.391267234347421
29.13706173429534, 5.828454762490508

0.01125189847888636, -0.011444999397831484
-0.43368166837595756, 0.11227503438034213
-0.5143896239250743, 0.49114170426873394
0.5475401865106126, 0.8217668814106687
-0.36547985714079706, -1.5110270481059047
-5.048122367358184, -1.981483901637536
3.418472309254591, 8.700535804197209
16.782468912485843, 7.52281163873713
29.11534345942142, 5.936964093669856

0.011394983174819932, -0.011891063202471477
0.05784572307867909, -0.36970544249718346
-0.7027219077623267, -0.15615858639037225
-0.022070744317280174, 0.9881124815735485
0.11881627670991027, -1.5088073516445015
-5.137885032815785, -1.7468197752004657
3.2368953867717405, 8.780336149344134
16.725810316014066, 7.653919428079109
29.09322495590057, 6.0453916984413025

0.011526079399047677, -0.01233922943635289
-0.09937610619763662, 0.3651810166924179
-0.2755111295203508, -0.6787201944088439
-0.5810511506002456, 0.805631291649812
0.5909768898931157, -1.3485862786300082
-5.216094355335679, -1.5082624695586013
3.0539037239505262, 8.856281694079161
16.668182986136685, 7.784583173441634
29.07070654028423, 6.153736084064936

0.011645275987482483, -0.012789876295916052
-0.37015422149911337, -0.2484580268033505
0.40013834255958364, -0.6200372921917368
-0.9394633086982775, 0.3449062851477933
0.9955456246023329, -1.0346093735796393
-5.28259876276053, -1.2663551683303869
2.869582117237124, 8.928352264728968
16.609590700988463, 7.914795482177349
29.047788534980334, 6.261995759067964

0.01175337083114729, -0.013243211117230523
0.31201136809764324, 0.05978482642249523
0.7302738480955696, -0.024361019334715024
-0.9804906806542777, -0.23555383828174556
1.2769892536886358, -0.5938399817449347
-5.337269854460602, -1.0216454451096129
2.6840153988022624, 8.99652964838962
16.550037299392166, 8.044548998535168
29.024471268245332, 6.370169233281604

0.011851331953808174, -0.013697786771551507
-0.4218589742397357, 0.13818601505341171
0.4187964577376348, 0.5812177241430728
-0.6909741768184825, -0.7417393918005102
1.3917055156059945, -0.07708143462154675
-5.3800023969822535, -0.7746845157141269
2.4972883874575227, 9.060797574924413
16.489526680377214, 8.17383640428625
29.000755074178848, 6.478255017880731

0.011938228721019932, -0.01415219059617196
0.020943885402231518, -0.3825119260944383
-0.25461977841758016, 0.6605625402216605
-0.16456404107623504, -1.00149879686839
1.3206458664659777, 0.44815698252071984
-5.4107143246921305, -0.5260264961865573
2.309485840611478, 9.121141698112668
16.428062802736175, 8.302650419338347
28.976640292721594, 6.586251625418782

0.012013338651464868, -0.014606309539447663
-0.06244193153552507, 0.3641655365294946
-0.6973848328955857, 0.15121139802223987
0.4219833021164503, -0.9190634972430978
1.0757126243230162, 0.912379049334067
-5.429346725808958, -0.2762276690803954
2.120692408007695, 9.177549576068598
16.36564968453937, 8.430983802286008
28.952127269642943, 6.694157569857821

0.012076232718904269, -0.015060187270598414
-0.38836316080791317, -0.22578572911423125
-0.5286451472081088, -0.501512505700158
0.8615604078083164, -0.514769549156538
0.6957053818313939, 1.2598140118054817
-5.435863828898421, -0.025845769420333325
1.930992586947654, 9.230010649588664
16.302291402580554, 8.558829350960316
28.92721635652272, 6.80197136660436

0.012127486595545254, -0.015514599775617538
0.3185519332930414, 0.012820166742415625
0.10737782115523205, -0.7321260118426653
0.9916711541444305, 0.07091319571654467
0.23454238040837605, 1.4576669246218488
-5.4302530050019095, 0.22456072417424042
1.7404706782147799, 9.278516218986093
16.237992091844898, 8.686179903006664
28.90190791074066, 6.909691532547444

0.012168979516871395, -0.015968726233877115
-0.40796867770366063, 0.1632724701296319
0.6577177987232302, -0.33277826224651536
0.7629988508347315, 0.6250398455908921
-0.2514185597073171, 1.496715997775736
-5.4125247668858325, 0.47443330194661654
1.5492107433356452, 9.323059420305919
16.172755944993078, 8.813028336437212
28.87620229546554, 7.017316586091955

0.012201221031760214, -0.016420479186318084
-0.016359039703682087, -0.39148947923836447
0.6322248929095956, 0.34819805245687363
0.2618883452451487, 0.9475227211585916
-0.7120566340562947, 1.3863438971208144
-5.382712768477227, 0.7232141311737208
1.3572965633197915, 9.363635200323817
16.10658721181675, 8.939367570157037
28.850099879639128, 7.124845047191043

0.012223874171780719, -0.016867856898480558
-0.0250802971111348, 0.35970847712221
0.053895458667768625, 0.7052457509493434
-0.328502222513137, 0.9294479126200793
-1.107345513262264, 1.148185465921211
-5.340873810012151, 0.9703467692520622
1.1648115985355099, 9.40024029039307
16.03949019869198, 9.06519056448512
28.82360103796139, 7.232275437378521

0.012235100468400676, -0.01730918966867353
-0.40459907988219085, -0.2018784182272395
-0.5629781053760384, 0.4282622005343476
-0.8026928592959455, 0.5858137035999851
-1.4079219848650957, 0.8108798986642662
-5.2870878392994864, 1.215276882065705
0.971838950077106, 9.432873179706581
15.971469268020961, 9.190490321636316
28.796706150870687, 7.339606279797471

0.012232940237958088, -0.017745274264255945
0.3193300613477991, -0.03461597802685144
-0.6830508055611264, -0.2350318060685465
-1.0034159846358985, 0.03906018387170357
-1.5941617125617369, 0.40659497900067526
-5.221457957371138, 1.4574529644668517
0.7784613229982394, 9.461534087051852
15.902528837612373, 9.315259886187025
28.76941560451868, 7.446836099232282

0.012217462912502024, -0.01817744614457617
-0.39204795984352414, 0.18743293719915505
-0.20370606585026646, -0.710397100523198
-0.8661212690943925, -0.5266491666151397
-1.654968786502045, -0.030949276809354376
-5.1441104379667335, 1.696327078373331
0.5847609904486311, 9.486224930516322
15.832673380082113, 9.439492345578499
28.74172979075311, 7.553963422144019

0.012189517107508718, -0.018606645315530412
-0.05366404679676246, -0.3966909869665554
0.46228824637956656, -0.5811710869169073
-0.43483205501791783, -0.9215896040221706
-1.5868908793774934, -0.46749287870047396
-5.055194734033261, 1.9313556141809505
0.3908197587845353, 9.506949296765164
15.761907422302093, 9.563180830594327
28.713649107103283, 7.660986776698403

0.012151328947006315, -0.01903287961894681
0.012317847279676334, 0.351719248030855
0.7277841672318, 0.04614226207151162
0.14850835433008694, -1.0073374402749617
-1.3938143319650227, -0.8687981347526148
-4.954883473237089, 2.1620000575113516
0.19671893470536098, 9.523712409720169
15.69023554480886, 9.686318515774252
28.685173956755072, 7.767904692789695

0.012104290920939209, -0.019453972810157694
-0.41881354306991464, -0.1768587867995645
0.3542020481460165, 0.6154320510779151
0.6828627653607616, -0.7456787416178147
-1.0873007816641385, -1.2012197839020033
-4.8433724610411595, 2.3877277753731554
0.0025392943465260406, 9.536521097380975
15.617662381165077, 9.808898619821237
28.656304748522864, 7.874715702068337

0.012048080965811328, -0.019868261107265826
0.31432132678576435, -0.0816253114129032
-0.3236088611414118, 0.623782897902679
0.9745958856638657, -0.22251836280715157
-0.6874945674495084, -1.4327494385008057
-4.720880677585296, 2.6080128304872536
-0.19163894605985557, 9.545383756881929
15.544192617339355, 9.930914406014637
28.62704189682617, 7.981418337968292

0.01198221865122789, -0.020274627588523258
-0.3741439326175812, 0.21054729030185998
-0.7108762099866052, 0.07128554555063396
0.9140343719271345, 0.3745823989018724
-0.2243368231760304, -1.5350563100442423
-4.5876502624666164, 2.8223368190481017
-0.38573615738002637, 9.550310318371821
15.469830991073842, 10.052359182587235
28.59738582166212, 8.088011135731596

0.011905667240693741, -0.020672939416583224
-0.0906403203285244, -0.3982834846718466
-0.4752177723055597, -0.5603552122185695
0.5241599121141852, 0.8280284518157961
0.26155469292017364, -1.4870548024746437
-4.443946491698745, 3.0301897379664005
-0.5796733219605876, 9.551312206767774
15.394582291235661, 10.173226303107436
28.567336948580067, 8.194492632435093

0.011818939276965297, -0.021063960052901162
0.049479601593769074, 0.34005103330173725
0.18160905165099203, -0.7232599388788333
-0.049926814591627594, 0.9780807497262205
0.7195837857888898, -1.2802415647494598
-4.290057732539059, 3.2310708833124364
-0.7733720553979486, 9.548402301597232
15.318451357215983, 10.293509166854838
28.536895708659873, 8.300861367012411

0.011723194804976559, -0.021447025934843673
-0.4309489440267897, -0.15082386461864167
0.687005562198724, -0.2680169902207205
-0.6035461596357821, 0.7800683675218216
1.0932669996782742, -0.9250545702819489
-4.12629537903644, 3.4244897705674977
-0.9667546243254949, 9.541594896267071
15.241443078310212, 10.413201219121012
28.50606253848117, 8.407115880269544

0.011618985094404743, -0.021821212507801557
0.30369240458551705, -0.12741310431616593
0.5897692356163468, 0.4065381107847737
-0.9490868352339126, 0.3096979068194936
1.3291832672606134, -0.455652709342218
-3.9529937780517606, 3.6099670931195567
-1.1597439583098363, 9.530905656099634
15.163562393026723, 10.532295951485597
28.47483788008663, 8.513254714905438

0.011506522453842902, -0.02218504680195159
-0.3542502128571868, 0.23252788158976054
-0.02271635748617295, 0.7008130609920775
-0.9741545164985433, -0.2715835280097663
1.3897658027569757, 0.07110718314025756
-3.770510126163216, 3.787035723929056
-1.3522636550781093, 9.516351575190432
15.084814288418878, 10.650786902133785
28.44322218095559, 8.619276415535813

0.011384418328443925, -0.02253782006447945
-0.1269732096625979, -0.39636690032251937
-0.6071465399738563, 0.3611877533303004
-0.6707649111457779, -0.7694985225989538
1.2648249750879914, 0.5853941175022637
-3.5792243252608626, 3.9552417441747822
-1.5442379779650741, 9.497950935316425
15.005203799474396, 10.76866765614696
28.411215893979826, 8.725179528708905

0.011252234082463805, -0.022880732293830124
0.08596785711093738, 0.32466167889829683
-0.6576591989429592, -0.3108520858236567
-0.13725204939498312, -1.0143309261444433
0.97503589123963, 1.0202819146944546
-3.3795388109528868, 4.114145500127607
-1.7355918430606794, 9.475723271073369
14.924736008476973, 10.885931845733746
28.378819477431986, 8.830962602918438

0.011110893542909232, -0.023214647534023063
-0.4409510903996141, -0.12386935265166837
-0.13124128615055672, -0.7336975832755745
0.4467652523149049, -0.9150939905087226
0.5650355031460557, 1.3261833784014838
-3.171878344220432, 4.263322699216702
-1.9262507949603174, 9.449689345774166
14.843416044364313, 11.002573150456366
28.346033394935866, 8.936624188617381

0.010962186255915848, -0.02354026765799805
0.2877554143909049, -0.17109313421696049
0.5177595305463494, -0.535066695586392
0.8744928915029571, -0.49809646962683507
0.09065955362785554, 1.4774945772419343
-2.9566897560678056, 4.4023655327556455
-2.1161409728913787, 9.419871146631552
14.761249082109329, 11.11858529742441
28.31285811543598, 9.042162838227291

0.01080883370015731, -0.02385638911239724
-0.332426349983296, 0.25323718311104426
0.7155628536754377, 0.1169851145844775
0.9874641178611814, 0.09126987419681812
-0.39288283180225225, 1.4711096275507465
-2.7344416432007197, 4.530883829841467
-2.305189072257884, 9.38629190914058
14.678240342073426, 11.233962061443217
28.279294113162443, 9.147577106147814

0.010651476999064331, -0.024160351836803855
-0.16237117110120886, -0.39111911504673336
0.2841717507148006, 0.6437042304792795
0.7427633674493704, 0.6386168279088006
-0.8382067192773883, 1.3206631814729408
-2.505623995066296, 4.648506234091492
-2.493322313763535, 9.348976178108854
14.594395089362726, 11.348697265181276
28.245341867602512, 9.25286554877008

0.010489461249586371, -0.024450506989652853
0.12138803967933462, 0.3054799142330985
-0.3904768032016313, 0.5812622592001959
0.23260956188031442, 0.9466625086064846
-1.2084481781966863, 1.0503329162208113
-2.270747743369855, 4.754881391165292
-2.680468440382846, 9.307949906630386
14.509718633270328, 11.462784779343579
28.211001863480796, 9.358026724483237

0.010321421005781707, -0.02472599369717556
-0.4487511026934624, -0.09612272310841485
-0.7181636702846086, -0.008186795147840525
-0.3569912389257397, 0.9120260774299765
-1.4772322588494775, 0.6900913964545594
-2.030344232120476, 4.849679157923785
-2.8665557650266145, 9.263240580453617
14.424216326736238, 11.576218522758175
28.176274590729516, 9.463059193672704

0.010146199112957421, -0.024988084606070344
0.26696239847345454, -0.2120494698803044
-0.4181215078360548, -0.6119079506605687
-0.8213775902338792, 0.5554825593420973
-1.627568379622642, 0.2727132700537161
-1.7849645882974117, 4.9325918486211275
-3.0515132829890756, 9.214877334485479
14.337893565766574, 11.68899246243118
28.141160544456028, 9.5679615187234

0.00996491288056312, -0.025238245475295035
-0.30865057400564544, 0.27254176996345975
0.2524692606650887, -0.705161674980608
-1.0068897284419853, 0.003594525171198992
-1.6506854823119441, -0.1678598307451678
-1.5351789811219447, 5.003335510746546
-3.235270842487821, 9.162891015504115
14.250755788903744, 11.801100613630766
28.105660224920342, 9.672732264023628

0.00977903231780816, -0.02547673615859303
-0.1965751948545468, -0.3826886188739057
0.7072698764873626, -0.19887580498962154
-0.8539951809775023, -0.5579042734945626
-1.5452966649353765, -0.5973423168713868
-1.2815757837837989, 5.061651235676944
-3.4177593386914005, 9.107314155265543
14.162808476762159, 11.912537039950195
28.069774137514763, 9.777369995963637

0.009590336174441235, -0.025703239093133025
0.15529441517268197, 0.28251676166481393
0.5393806961862623, 0.46173940471595865
-0.4118230546381517, -0.940484306154586
-1.3174803873747238, -0.9816144588349668
-1.0247606486930732, 5.107306505205991
-3.5989108799473364, 9.048180848499724
14.074057151593097, 12.023295853350035
28.033502792743587, 9.881873282933634

0.009399670960630557, -0.025916159408893268
-0.4542812066187469, -0.06768942457292858
-0.1003137884473602, 0.6901113189457935
0.17378765770962976, -1.009504994018334
-0.9811992165447058, -1.2873767395184053
-0.7653555014237796, 5.140096557419813
-3.7786588851508873, 8.98552656630194
13.98450737691982, 12.13337121421896
27.996846706210725, 9.986240695320262

0.00920647857433642, -0.026115167718638956
0.24187950519201007, -0.2496121912934561
-0.6459167651002888, 0.2917835929142758
0.700496333729964, -0.7323765155103779
-0.5593403313840679, -1.4834297836641892
-0.5039974535651811, 5.1598457539527205
-3.956938101111151, 8.91938795517067
13.894164757250833, 12.242757331408738
27.959806398605558, 10.09047080549618

0.00901121268752268, -0.02630082231559985
-0.28298699010368306, 0.29028209059620447
-0.6263774598694136, -0.38167750772031084
0.9769824297890816, -0.20071614320820833
-0.08492527329385113, -1.543114850282226
-0.24133761551607552, 5.16640892689968
-4.133684557089581, 8.849802664833405
13.803034937800927, 12.351448462249623
27.922382395685386, 10.194562187812856

0.008814557996076895, -0.026473566799949177
-0.22931137014538835, -0.371273347744025
-0.05851595327169634, -0.7473729737512268
0.8991143814075001, 0.3946022052529713
0.3983110747800218, -1.4484065065296303
0.02196019953542655, 5.159672671936115
-4.308835486984074, 8.776809224575358
13.711123604277532, 12.459438912644416
27.884575228271224, 10.298513418598661

0.008618308586941327, -0.026633892170894947
0.1871882341419835, 0.25583941971512886
0.5663984938945358, -0.4814114900791258
0.49635895829825477, 0.8368000932238029
0.8374136840972206, -1.1956996974908316
0.2852208819488638, 5.139556593172213
-4.482329247622938, 8.700446968123224
13.618436482799755, 12.566723037227005
27.84638543225385, 10.402323076151747

0.008424262863507764, -0.026780368550927334
-0.4574579768903905, -0.03870748002434525
0.6943474244938087, 0.1881479934556866
-0.08166853776576496, 0.9706407852223009
1.1756381456741873, -0.8020739570188189
0.5477595586666243, 5.1060144975073305
-4.654105249772084, 8.62075599639027
13.524979339894502, 12.673295239536543
27.807813548597167, 10.505989740728507

0.008232351856909743, -0.02691157194076905
0.21314244384273562, -0.28338410579092305
0.21005434520637334, 0.6665144667461594
-0.6293739841300873, 0.7574229697180047
1.3628100759092543, -0.308830909588118
0.8088832592565649, 5.059035525149972
-4.824103907539245, 8.537777163698223
13.430757982529991, 12.779149972254839
27.768860123345146, 10.60951199453654

0.008042028036147217, -0.02702686329987635
-0.2554157193469152, 0.30629029966773136
-0.4539835213390654, 0.534059488213075
-0.9616013141529194, 0.2779450558882501
1.3684470460670446, 0.22196406512571204
1.067892715255772, 4.998645202347757
-4.992266605776528, 8.451552075716414
13.335778258221646, 12.884281737556895
27.729525707637947, 10.712888421729165

0.007851937959652977, -0.027126740257218597
-0.2603800659903363, -0.3570543899675222
-0.7184326668920706, -0.0859599846188466
-0.9704972371776052, -0.3035155601342162
1.1915491770872941, 0.7195776799175919
1.3240842879769235, 4.924906404582029
-5.158535682071936, 8.362123091794583
13.240046055179615, 12.98868508755539
27.689810857730627, 10.816117608401314

0.007662164195320671, -0.027213607921720354
0.2166011148933781, 0.2255442841152748
-0.35704370653466305, -0.6551175553234582
-0.6532918228601272, -0.7925675220649259
0.8609526301062872, 1.1209456945548326
1.5767520165974631, 4.837920216660858
-5.322854418801077, 8.269533326940719
13.143567302466648, 13.092354624894037
27.649716135021933, 10.919198142592498

0.007474688451221963, -0.027288972229831517
-0.45820159802503513, -0.009311858033633024
0.32000372108263925, -0.6775029352129691
-0.1129412062545029, -1.0220831128309513
0.4260028591954933, 1.3832480560110358
1.825189785158569, 4.7378266916836935
-5.48516704222185, 8.173826650880745
13.046347970202161, 13.195285003507093
27.609242106094705, 11.022128614289878

0.007291740189882473, -0.027353460769274553
0.18139645642252564, -0.31302738748758585
0.719157829618925, -0.12580105306779185
0.4682237316826529, -0.905952168335464
-0.05657759553767009, 1.487931119694046
2.068693614918749, 4.624805486886972
-5.645418726525108, 8.075047684667732
12.94839406973751, 13.29747092947127
27.56838934275407, 11.124907615429867

0.007115841412153898, -0.027406175483263743
-0.22602650708226746, 0.320354025929928
0.4826919897728696, 0.5135383741883435
0.8839130134482969, -0.4764338139637791
-0.533353367035055, 1.4374914438423523
2.3065640651870916, 4.4990763456052285
-5.803555600156022, 7.973241794991104
12.849711653697401, 13.398907161957913
27.52715842206564, 11.227533739909513

0.006947335613966548, -0.027445173777587376
-0.2895396425394303, -0.3402629822435709
-0.17704131287649455, 0.6736752277390556
0.9798291288809949, 0.11629382566286012
-0.9599214216658452, 1.2492598883336241
2.5381087242503275, 4.360899419450267
-5.959524752844398, 7.86845508556797
12.75030681589233, 13.499588514339361
27.485549926404214, 11.330005583609296

0.006785490404641845, -0.027470202230624616
0.24297703365320597, 0.19186882280654977
-0.6778731907975076, 0.22099751749155647
0.7194956024274115, 0.6565667885428754
-1.3025955295658007, 0.9495201508342209
2.762644788955681, 4.210575426960431
-6.113274243177644, 7.76073438606461
12.650185691104538, 13.599509855389687
27.443564443510226, 11.43232174441916

0.006629875570032048, -0.027481686172724486
-0.45642885410183703, 0.020295079508456527
-0.5882770386978027, -0.44662672375984114
0.20094325237165442, 0.9500697745834703
-1.5379023562913356, 0.5692968420451083
2.9795017177535064, 4.04844562489738
-6.264753106326618, 7.650127239630116
12.549354454667084, 13.698666110505215
27.401202566544594, 11.534480822271451

0.006480298252101444, -0.027481222446707344
0.14737481185002063, -0.3383636148683406
0.015030368386515633, -0.7509752527878572
-0.3871345177153717, 0.8990647773830129
-1.651376821867534, 0.14182241587235164
3.1880239465055342, 3.874891589502371
-6.413911361149954, 7.536681888927704
12.447819321831924, 13.797052262926979
27.358464894146927, 11.636481419182404

0.006338394002617849, -0.02747018457165196
-0.19481613425305186, 0.33226158780183745
0.6089061839118639, -0.4204922647223261
-0.841117211098387, 0.5300716530618442
-1.6364933886047823, -0.29880076397987343
3.3875736530496, 3.690334779733437
-6.560700017244417, 7.420447260983013
12.345586546925333, 13.894663354870286
27.315352030489993, 11.738322139298218

0.006205386990842491, -0.027448338620037257
-0.31660986897843973, -0.32110749278507916
0.6656674119951725, 0.2590444487974374
-1.0110934611318139, -0.026395428362869535
-1.494107039576875, -0.71828186478538
3.577533532891231, 3.495235873722625
-6.705071081798303, 7.30147295201342
12.242662422242718, 13.99149448849302
27.271864585325865, 11.840001588951887

0.006081714599951886, -0.027415676212522607
0.2658646146220803, 0.15506495980551205
0.13409084864733511, 0.683852093501013
-0.8425392891405151, -0.5832061716331738
-1.2325281270019754, -1.08264900838408
3.7573095755064196, 3.2900938889719544
-6.846977565249615, 7.179809211709093
12.139053276731786, 14.087540826725245
27.228003174034498, 11.941518376734237

0.005967245654858865, -0.027372103874880222
-0.4520686273228918, 0.049974214135382236
-0.5120198747065613, 0.48301375683290604
-0.3895998543011254, -0.9531231281148013
-0.8682153745431591, -1.3590392100654969
3.9263338361818723, 3.0754450766051247
-6.986373486181777, 7.055506926334311
12.034765474581864, 14.182797593922894
27.183768417672283, 12.042871113567232

0.00586113354208614, -0.02731907776164028
0.11165518688034681, -0.35934766361383846
-0.7103624032832999, -0.1608792630324462
0.19808883694257315, -1.0053357546019694
-0.4269180995235628, -1.5172650671949477
4.084067165236964, 2.8518615647342136
-7.123213876465586, 6.928617601646612
11.929805413725413, 14.277260076232132
27.139160943003414, 12.144058412777524

0.005764409089471083, -0.027258882793616275
-0.1619099550459101, 0.34174769239067104
-0.29136881944823606, -0.6892972913412759
0.7169935346740296, -0.7128998789284147
0.05519210198115369, -1.5326980610217484
4.230001862287736, 2.619949765686128
-7.257454786065899, 6.799193346316242
11.824179524254507, 14.370923621693798
27.094181382517892, 12.245078890179165

0.0056788214247492814, -0.027192580050481856
-0.34143920405898687, -0.2998376477233157
0.38482166089034264, -0.6404074337231738
0.9782444010754789, -0.17311707209609903
0.5313750439786429, -1.3908901202953856
4.363664245259243, 2.380348550145224
-7.389053286987854, 6.6672868549928594
11.717894266863373, 14.463783640145355
27.048830374442787, 12.34593116415996

0.0056064264160444605, -0.027120552185541012
0.28472000647318846, 0.11555541630099747
0.7238562244637962, -0.04935877761848094
0.8833784817558725, 0.41994203755371406
0.9467808907462466, -1.0937064935759757
4.484617099772632, 2.1337271877707726
-7.517967477094848, 6.532951391263725
11.610956131361446, 14.55583560290879
27.003108562737868, 12.446613855767419

0.005548606247495929, -0.0270412947971187
-0.44507763464699307, 0.07944928783953005
0.4215150315475871, 0.5614984060393169
0.46837796441016144, 0.8505145524945927
1.2453181047100994, -0.6652105697116875
4.59246199049072, 1.8807830730337658
-7.644156483500216, 6.396240770884537
11.503371635272085, 14.647075042324113
26.957016597079992, 12.547125588796803

0.0055041458533106515, -0.026953727287113594
0.07491397923504323, -0.37601916670348856
-0.2508156171063049, 0.6516498944635636
-0.11278103707641536, 0.9680463079278081
1.3812430035487013, -0.15356640813579203
4.6868414233769435, 1.622239235868788
-7.7675804652044, 6.257209344693551
11.39514732259866, 14.737497551211469
26.910555132840475, 12.64746498987437

0.0054716001803833715, -0.026858547844796243
-0.127421043837298, 0.34852309785247715
-0.7013774426189845, 0.1496165933390313
-0.6538531461847692, 0.7398203285728882
1.3320616467013344, 0.37501875576303284
4.767440804124485, 1.3588416386810493
-7.888200615726767, 6.115911981226927
11.286289762776866, 14.827098782232007
26.863724831042585, 12.747630688527593

0.005449601865239155, -0.026757394772968505
-0.36385144775705275, -0.27673896901314204
-0.5426781344830214, -0.504989610073901
-0.9722943864065191, 0.2515802542733097
1.1060138063941927, 0.8503719018374086
4.833990179000657, 1.0913563075940926
-8.005979166110135, 5.97240404996771
11.1768055497247, 14.915874447168303
26.81652635829999, 12.847621317252854

0.005438209200264417, -0.026653289336245035
0.2991730769084992, 0.0737860207929487
0.08960690238722883, -0.7447316845976508
-0.9647925197890935, -0.3297166149358111
0.7392534014815739, 1.2144157289330795
4.886265766750648, 0.8205663052545069
-8.120879387145811, 5.82674140504951
11.06670130101906, 15.0038203162663
26.768960386753612, 12.947435511580556

0.0054392971066017795, -0.02654789542974335
-0.43539457828757205, 0.10853539449759406
0.6459727330572279, -0.35337341683224305
-0.6337507206264512, -0.8096521937807578
0.2846336098769903, 1.4314458376839063
4.924091241132734, 0.5472685532220126
-8.232865590832182, 5.678980368441922
10.955983657256056, 15.090932217651858
26.72102759400375, 13.04707191012541

0.005454063054262384, -0.02644161978256358
0.03764314039618694, -0.38851840208087135
0.6309669770821638, 0.32851554805953725
-0.08671276743526621, -1.023761104685643
-0.2012127632737925, 1.4896543072870683
4.9473387414471315, 0.27227054100729875
-8.341903131980375, 5.529177713131388
10.84465928153189, 15.17720603677465
26.672728663029744, 13.14652915462299

0.0054833781280226885, -0.026334311778807223
-0.09149964479227533, 0.3523109906271832
0.0581275681346187, 0.6949818385424044
0.4913729530485603, -0.8909056720837611
-0.6671402712460157, 1.3965724458130482
4.955929615542999, -0.003613049490232258
-8.44795840966818, 5.377390646633962
10.732734858998048, 15.262637715926932
26.62406428210631, 13.245805889958278

0.005526543270965228, -0.02622545296490947
-0.3837941576769988, -0.25204835811833975
-0.5628903113699462, 0.42796014531008736
0.8949021302354518, -0.4493347615193685
-1.0718577365818944, 1.1727023256928526
4.949834874376967, -0.2795637861473703
-8.550998868336164, 5.22367679450314
10.620217096512564, 15.347223253859099
26.575035144718132, 13.34490076418056

0.00558245865030053, -0.02611634265532803
0.3088062249181414, 0.030341720252594226
-0.6929554155089155, -0.23286841150427548
0.9739345336322187, 0.14609334527963772
-1.3847813320813833, 0.8460724706412249
4.929075355112564, -0.5547629491071034
-8.650992999003694, 5.068094184032876
10.507112722331966, 15.430958705437284
26.525641949468685, 13.443812428508267

0.0056512587003937405, -0.026008361407254117
-0.4230407194397497, 0.13694572926413073
-0.22085472012985874, -0.7149064234444443
0.6984842421949428, 0.678672965979585
-1.5852075044937655, 0.4485564673807521
4.893721614817876, -0.8283950001813432
-8.747910340212117, 4.9107012285135685
10.393428485802032, 15.513840181401726
26.47588539999702, 13.542539537331951

0.005733072026979128, -0.025902693144070763
0.00034824322928969723, -0.39703906794385235
0.4471149717225682, -0.5953690027810501
0.17224105937170456, 0.9572613638155008
-1.6610918736755436, 0.01374654615628541
4.84389352166809, -1.0996510400963961
-8.841721478025491, 4.751556711270486
10.279171157114666, 15.595863848262582
26.425766204906488, 13.641080748205793

0.005828866720247289, -0.025799932449075712
-0.05443287769418982, 0.3527933717971527
0.7223535946525796, 0.028324588636463508
-0.4136471646100621, 0.8897905062924554
-1.6081078531275015, -0.42414068025789886
4.779759544729939, -1.3677321961249909
-8.932398046058873, 4.590719769401955
10.164347527113812, 15.67702592823334
26.375285077691874, 13.739434721824225

0.005938395965709351, -0.025699167211467578
-0.4011612447065324, -0.22607381119483325
0.35768328171655467, 0.6038293652272072
-0.85672131477261, 0.5084264896768217
-1.429266912802987, -0.830849664190296
4.701535787449188, -1.6318529191659228
-9.019912725811519, 4.428249877974575
10.048964407062389, 15.757322699172452
26.324442736666434, 13.837600121997363

0.006059940321796131, -0.02560067001058191
0.3133854482689721, -0.014112560349793232
-0.3197782162067651, 0.6230374072523795
-1.0108401465823593, -0.05244612516067308
-1.1351796356967587, -1.1726295617352736
4.609484759353116, -1.8912441835929021
-9.104239246661123, 4.264206834586862
9.93302862838057, 15.8367504946072
26.273239904903388, 13.935575615627835

0.006192014059329825, -0.025505590642937774
-0.40803366846664796, 0.16442989299645488
-0.7152097151772181, 0.07699086281565215
-0.8265186773814414, -0.6043620694547944
-0.7449047778714748, -1.417196667782936
4.503913887984941, -2.1451565465723945
-9.18535238543956, 4.0986507439672515
9.816547042401222, 15.915305703820609
26.221677310186337, 14.033359872681487

0.006333210786715058, -0.025416256574363576
-0.03658803719650386, -0.4018300167605368
-0.4889839624084345, -0.5576535951232714
-0.3629460809830992, -0.961490729582413
-0.2871521663724007, -1.5356278066415976
4.3851738049297095, -2.392863050484557
-9.26322796591452, 3.9316420027535233
9.699526520099205, 15.992984771953722
26.169755684965963, 14.130951566158426

0.006484336019831698, -0.025335433891501984
-0.016473553982193807, 0.34968291786298616
0.16548102675245902, -0.7301029655742032
0.22650636846497596, -0.9970045894684831
0.1987440272107669, -1.5057227003452383
4.253656412095569, -2.6336619488053157
-9.337842857782057, 3.763241284449472
9.581973951807099, 16.069784200166623
26.117475766329513, 14.228349372065072

0.006647009399324028, -0.02526380288394109
-0.41595760142964083, -0.1990606269830802
0.6780606918993441, -0.28224719929970005
0.7372896958935098, -0.6896951660695045
0.6632445369368873, -1.3171450971101077
4.1097927532017735, -2.866879225985297
-9.409174975400845, 3.5935095241228114
9.4638962469451, 16.145700545814687
26.064838295974717, 14.325551969381511

0.006822218098607427, -0.025201054551726703
0.31273912367585677, -0.05892968821492238
0.5915176827409286, 0.3941574926030024
0.983193483000334, -0.14250024955135132
1.050186561246262, -0.977764310150721
3.9540507354761294, -3.091870908894136
-9.477203277047106, 3.4225079034667125
9.345300333704595, 16.22073042258652
26.011844020183094, 14.422558040032852

0.00701000607733984, -0.025145620751142867
-0.39044974617971756, 0.19072578603428358
-0.01608057818911771, 0.6982535200774337
0.8715333740438793, 0.4475070892560801
1.305138422665112, -0.518834480929935
3.7869327043643914, -3.3080251747929856
-9.541907763939095, 3.2502978365191044
9.226193158670338, 16.294870500668864
25.958493689805916, 14.519366268871787

0.007208015245901146, -0.02509660888050598
-0.07284281429867459, -0.40315669686100114
-0.6053567121127109, 0.368018739993203
0.4447373658382803, 0.8658132178341988
1.387941115375909, 0.005120693977922492
3.608972877964617, -3.5147642146612657
-9.603269478465188, 3.076940955395974
9.106581686454406, 16.36811750697693
25.904788060264238, 14.615975343661919

0.00741418804837534, -0.025055175720892383
0.021956074270143268, 0.3426982435625006
-0.6658058392811785, -0.3028038458343717
-0.13902415427856948, 0.9666636342617543
1.2847722415566774, 0.5250152083516476
3.4207346999143278, -3.711545853857981
-9.661270502306056, 2.9024990958617494
8.986472899338771, 16.44046822536564
25.850727891548114, 14.712383955059

0.00762725634427291, -0.02502271000222695
-0.4281609142727175, -0.1712833052757754
-0.14557476035883707, -0.7332817879772446
-0.672983322133551, 0.7233178549991254
1.012845774546924, 0.9727085471115887
3.222808127303998, -3.8978649439225523
-9.715893954751017, 2.727034283267329
8.865873796877732, 16.511919496817736
25.7963139482173, 14.808590796599063

0.007846887466600184, -0.025001164430423647
0.306883430543336, -0.10329879976930269
0.5067353279570441, -0.5442981685083494
-0.9773212916916835, 0.2264145575273401
0.6146011977727479, 1.2960393470400626
3.0158068684866666, -4.073254515329809
-9.767123990596993, 2.550608718678443
8.74479139548537, 16.582468219641367
25.741546999408964, 14.904594564691237

0.008073999230921752, -0.024991019915705345
-0.37037966866967137, 0.21559167189123338
0.7149194916355118, 0.10493363681735234
-0.9533715942285567, -0.3545205659718947
0.14524715513560382, 1.4665268411920254
2.8003656027666444, -4.237286696642475
-9.814945798193364, 2.3732847650150575
8.623232728004474, 16.652111349646056
25.686427818844468, 15.000393958613845

0.00830803652576811, -0.0249916386837653
-0.10814655576905048, -0.40127115475814784
0.2920434938505496, 0.6385308247120914
-0.6087283964691351, -0.8252207883252353
-0.33945878104457206, 1.4786750735215781
2.5771371943646355, -4.389573408988835
-9.859345597640989, 2.1951249338172465
8.501204843234767, 16.720845900311897
25.63095718484108, 15.095987680519272

0.008547922009808709, -0.025003088265888224
0.06043996175751838, 0.3316297854149778
-0.3831347853984945, 0.5866699823195323
-0.05541768207378274, -1.0240397068584708
-0.7910039530264401, 1.3444820938425692
2.346789922531178, -4.529766825047236
-9.900310638189882, 2.016191872290394
8.378714805463003, 16.788668943000385
25.57513588033261, 15.191374435442295

0.008792199398108182, -0.025025621465586036
-0.43783523265111185, -0.14295539323657375
-0.7193436049480159, 0.0024808123984788864
0.5191507324964889, -0.8748670929893129
-1.171262043202223, 1.0871552138076692
2.110004764776809, -4.657559620646534
-9.937829195229856, 1.836548350002961
8.255769694021577, 16.85557760714544
25.51896469288564, 15.286552931303902

0.009039789919140088, -0.0250609115073313
0.2959051764274322, -0.14658978576666515
-0.42807862282133413, -0.605485681688816
0.9101997789858342, -0.4219041518370151
-1.4526788145930367, 0.7361593424278581
1.8674727359513361, -4.772685038931804
-9.971890567954844, 1.6562572456900246
8.132376602804378, 16.921569080373338
25.462444414709058, 15.381521878921868

0.009291498288072726, -0.025110004831825985
-0.3479549673561773, 0.23878322388005088
0.2413890318676569, -0.7087378642555601
0.9722548284080441, 0.1754335981799399
-1.617223632206247, 0.3240349133041576
1.6198922867496404, -4.874916760474082
-10.002485077107906, 1.4753815347881858
8.008542639741824, 16.986640608633884
25.405575842669982, 15.47627999203061

0.009547780165652636, -0.02517246065743053
-0.14233648273905003, -0.39644972707982556
0.7043042590008264, -0.20934699854584263
0.6818468438760754, 0.6995876479163665
-1.655199498455817, -0.11536782479296497
1.367966791957817, -4.964068586891577
-10.029604062042187, 1.2939842770834895
7.88427492628676, 17.050789496347885
25.348359778312613, 15.570825987301552

0.009808778645897147, -0.025247202405770983
0.09845675227466744, 0.316277180431177
0.5470313663994223, 0.4539215584161589
0.14825134335177556, 0.962742505898165
-1.5644462055869885, -0.5477798487573197
1.1124021410119957, -5.039993972942195
-10.053239877872063, 1.112128604374631
7.7595805968924765, 17.11401310652892
25.29079702787433, 15.665158584364889

0.010073027201151627, -0.025332246806392362
-0.4450145097314619, -0.114313620880773
-0.08869459859573654, 0.6921992917431541
-0.43505782243758306, 0.8785755923921893
-1.350146086229432, -0.9390361613286504
0.8539044316950753, -5.102585410228534
-10.073385892520493, 0.9298777085397664
7.634466798478664, 17.176308860906214
25.232888402303445, 15.75927650583489

0.01033753265032022, -0.02542755338115074
0.280095412663191, -0.18805039850981187
-0.6398858645660336, 0.3022748658721636
-0.8669469716786351, 0.48488924153294044
-1.0252716380171125, -1.255689592750853
0.5931777804653392, -5.151773685344552
-10.090036483234398, 0.7472948296402299
7.508940689917767, 17.237674240040153
25.1746347172739, 15.853178477332689

0.010600469315520384, -0.025534466391541465
-0.3233174151378892, 0.26008610860483466
-0.630108845091885, -0.3713322186888926
-1.005187872410307, -0.08018672464506062
-0.6115798133391159, -1.466188945428831
0.3309222454167992, -5.187527023188656
-10.10318703329627, 0.5644432438463157
7.383009441501019, 17.298106783367864
25.11603679319188, 15.946863227511987

0.010860724965401674, -0.02565473670205939
-0.17519709343106735, -0.3889185655781598
-0.06748711051794046, -0.7455476936375783
-0.8053664019205845, -0.6270356296274348
-0.14083690978959576, -1.543152568284335
0.06783187140223962, -5.209850118396157
-10.112833929300997, 0.381386251865134
7.256680234351912, 17.357604089243267
25.057095455206444, 16.04032948809409

0.011119138239383663, -0.025790118008903202
0.13545909634610626, 0.2965803058306199
0.5618182164175992, -0.48922497665816556
-0.331636686044873, -0.971371688992062
0.34446264424665696, -1.4672498044479785
-0.19540713110968796, -5.218783080704457
-10.118974557681197, 0.19818716801222172
7.129960259859973, 17.41616381502705
24.997811533226464, 16.133575993901815

0.011377091051899308, -0.02593999173023691
-0.4497795447601274, -0.08550050822052013
0.7005384373484832, 0.17825558042781325
0.25900037442869955, -0.9904177302516516
0.7922507846056897, -1.232822114435004
-0.4581180826085081, -5.2144003198436355
-10.12160730045917, 0.014909309025940794
7.002856719146106, 17.47378367714656
24.938185861929806, 16.22660148288751

0.01163452431989958, -0.026103079981591153
0.25977977027417787, -0.22712799524207958
0.22407689299484096, 0.6640352588256577
0.7610946958304657, -0.6687355996594796
1.1457690633129154, -0.8542206971516695
-0.7196354127860397, -5.196809365808273
-10.120731531305758, -0.16838401714647272
6.875376822502819, 17.53046145109871
24.878219280766256, 16.319404696164796

0.011890763347448603, -0.026277952638113746
-0.29662470856426404, 0.27931646015243
-0.44154545235332104, 0.5416661358361873
0.9912619795725662, -0.11484313544912556
1.353382238063223, -0.3698920782370241
-0.9793061138799924, -5.166149635691452
-10.11634761149835, -0.35162952209384324
6.747527788817759, 17.5861949714573
24.817912633962816, 16.411984378043734

0.012143728245235661, -0.026463825322160014
-0.20668767917068256, -0.37891190752534226
-0.7149508428697053, -0.07438382614565679
0.8627310690479408, 0.47137595587642117
1.381633550649656, 0.16007193044882106
-1.23649106988721, -5.122591163027814
-10.108456885317942, -0.5347639474501267
6.619316845010513, 17.640982131863854
24.757266770525487, 16.504339276063874

0.012392164284297236, -0.026661584342010734
0.170844036614769, 0.27246321938841833
-0.3618305736435227, -0.6490344500588259
0.4243436147593069, 0.8768804455458663
1.2258056001562714, 0.6651142794314093
-1.4905662662094044, -5.066333303233155
-10.097061675327902, -0.717724075193755
6.49075122544067, 17.694820884983425
24.696282544239725, 16.596468141032673

0.012635951705177263, -0.02687143230345026
-0.4521921860722879, -0.056700491771205556
0.31515638392870954, -0.6818812604225984
-0.16171662749832752, 0.9608354856884076
0.9115475759188081, 1.0804614900770704
-1.7409238859119551, -4.997603428509144
-10.08216527716079, -0.9004467371972047
6.3618381713154735, 17.747709242501347
24.634960813676773, 16.68836972706367

0.01287495900426691, -0.027093339551230805
0.2354204184034696, -0.2633019133150638
0.7231317549942422, -0.13655424231228996
-0.6883722769484745, 0.7024462077154511
0.4864583510881795, 1.360514260195846
-1.9869733052215832, -4.916655620236526
-10.06377195299222, -1.0828688243461646
6.232584930146089, 17.799645275112848
24.573302442193484, 16.78004279160598

0.01310940081248079, -0.02732626608447612
-0.2680560919853538, 0.29627003232554794
0.4969077080596177, 0.506188135444337
-0.9786463759494721, 0.19710438946155592
0.007024194017014781, 1.483915501902293
-2.2281419867758907, -4.823769349414454
-10.041886924620067, -1.2649272954702293
6.1029987551927025, 17.850627112427958
24.511308297921303, 16.871486095475817

0.013337665347891218, -0.02756872999466197
-0.23663840832333496, -0.36662496453055454
-0.15996848985460088, 0.6761943914507509
-0.9385168868950461, -0.38323527050904493
-0.4725438123824351, 1.4509784657393725
-2.4638762679911608, -4.719248165972535
-10.016516366424947, -1.4465591852171864
5.973086904862254, 17.900652942863186
24.44897925375949, 16.96269840289638

0.01355786788635133, -0.02782109044892024
0.20396589079617344, 0.24405652753505466
-0.6672688651105368, 0.2309225153040217
-0.5807330273603951, -0.8445313269247571
-0.9066287706497725, 1.2776115389378906
-2.6936420615981995, -4.603418408880474
-9.98766739736514, -1.6277016103188076
5.842856642123543, 17.949721013576877
24.386316187372874, 17.053678481533932

0.013769036685687684, -0.0280841188299852
-0.4523176981292803, -0.02804145598779563
-0.5874507767151322, -0.4382187097183976
-0.021789854655133938, -1.028021301455203
-1.260276946337724, 0.989293376296609
-2.916925473735985, -4.476627935938018
-9.955348071837426, -1.808291774168605
5.712315233948731, 17.99782963037419
24.323319981182824, 17.144425102530334

0.013971031292166746, -0.02835927032880678
0.20753504106667175, -0.29614445805748535
0.011448206048270425, -0.7519732185495694
0.5485125345556149, -0.8627279061986314
-1.5088639376744668, 0.6166463213911679
-3.1332333462517044, -4.339244876914807
-9.91956737013142, -1.988266969183886
5.581469950738442, 18.044977157585468
24.25999152235678, 17.234937040537485

0.014165682843154434, -0.028646881918587767
-0.23776711036544831, 0.31081010272001036
0.6106134001847053, -0.43094955265581075
0.9264288802708769, -0.3988484379406135
-1.6369195329256445, 0.19272549138612383
-3.342093728058553, -4.19165641078706
-9.880335188680647, -2.167564575888086
5.450328065762333, 18.091162017954115
24.196331702797995, 17.32521307374875

0.01435403443993255, -0.02894506815276227
-0.26502997000013256, -0.35223295265038296
0.6781379281460933, 0.2473201672503104
0.9711578855119105, 0.1997764448573934
-1.6370173420667085, -0.24843063822666933
-3.5430562740718408, -4.034267568762923
-9.837662331062896, -2.3461220581668116
5.3188968546125555, 18.136382692477184
24.13234141912675, 17.415251983928403

0.014535861331504234, -0.029251738047257267
0.2342025576325057, 0.21148027343938855
0.1534299200962722, 0.6799278358491825
0.6657846827918014, 0.714974205520556
-1.5091459546932748, -0.6725315291149239
-3.7356925815407664, -3.8675000793172303
-9.791560502107224, -2.5238769534796015
5.187183594622427, 18.18063772021064
24.06802157266307, 17.505052556447986

0.014709574465650145, -0.02956469104883224
-0.4502259723116902, 0.00037173009023859196
-0.49542267772487003, 0.48864577517023533
0.1250284870926287, 0.9624315211234612
-1.2607083723414338, -1.0455370835696831
-3.9195964817266704, -3.691791252555065
-9.74204230704584, -2.700766856706963
5.055195564283504, 18.223925698125704
24.003373069417613, 17.59461358032222

0.014872430844128636, -0.029883818177320023
0.17662272264831438, -0.32539014144917544
-0.7033241416366827, -0.15251018829688082
-0.45551260946920563, 0.8615944435621037
-0.9071474237363455, -1.3343886755142216
-4.094384280947343, -3.507592891687247
-9.68912125898521, -2.876729397923636
4.922940042718449, 18.266245280969923
23.938396820075642, 17.68393384823391

0.015023447216883238, -0.03021037517966512
-0.20594353496004597, 0.32274872692213596
-0.2922453781148805, -0.6876516945621172
-0.8761662400123015, 0.4558182929769883
-0.4730484806690315, -1.508457417524539
-4.259694947860152, -3.315370237976452
-9.632811800602315, -3.0517022160482186
4.7904243091537335, 18.307595181050914
23.87309373997243, 17.773012156560657

0.01516254873394703, -0.030545123520680794
-0.2917652598066292, -0.33588858775084385
0.3848085999454003, -0.6495655638831062
-0.9986700594031284, -0.11310395696976602
0.006693014163825086, -1.542248154695966
-4.415190259391078, -3.1156009552722823
-9.573129346356708, -3.2256229321910963
4.657655642366101, 18.34797416801134
23.807464749071528, 17.861847305405952

0.015290735315342587, -0.0308885390674165
0.2608727325004783, 0.17509281389030107
0.7331043488075719, -0.06423677306138724
-0.7837199469392855, -0.6544788232096983
0.48653626037124603, -1.4198086710381785
-4.560554906882714, -2.9087741434086944
-9.510090349349653, -3.398429130754224
4.52464132014429, 18.387381068615827
23.741510771944462, 17.95043809862703

0.015409037432198038, -0.031239140329284678
-0.44597149845613826, 0.028414738049721666
0.44037163011158714, 0.550787667824389
-0.3004661802584401, -0.9856930204944242
0.912342395749279, -1.1407321163314597
-4.695496566440269, -2.6953893831769906
-9.443712393624239, -3.5700583609258736
4.3913886187574205, 18.425814766512318
23.675232737745986, 18.038783343862253

0.015516635040634347, -0.03159554468276804
0.1432594220878311, -0.3507784416998773
-0.23038449912916173, 0.6507933107837028
0.29055396865247335, -0.988188551597451
1.2276491562716336, -0.7262264778062966
-4.8197459489743135, -2.4759557997169637
-9.374014303745927, -3.7404481722338465
4.257904812418832, 18.46327420199913
23.608631580193777, 18.126881852559578

0.015612851313541178, -0.03195730730304377
-0.17279804278364505, 0.33194308921146504
-0.6884478533969898, 0.15520191199314415
0.7832295024266542, -0.652360482269547
1.384786273910879, -0.22172373898801034
-4.933056821339276, -2.2509911340779736
-9.301016251498996, -3.909536194323221
4.124197172785759, 18.49975837180804
23.541708237545276, 18.21473243999753

0.01569688460544331, -0.03232424622033262
-0.316788003695266, -0.3177630359961433
-0.5396159939355387, -0.5022195823774941
0.9972116461009504, -0.09218672348189683
1.3579328418376118, 0.30811211029147917
-5.035206013370255, -2.021020836754552
-9.224739832191933, -4.077260259668493
3.9902729684783176, 18.535266328820686
23.474463652564975, 18.302333925304218

0.015769007707928925, -0.03269703895226648
0.2833944797798732, 0.13525373531060278
0.08899555962079156, -0.7520303157936116
0.8516817959902283, 0.4898406004359549
1.151596629638706, 0.792713609391116
-5.125993438584703, -1.7865771868813618
-9.14520808529137, -4.243558550199461
3.8561394645622005, 18.56979718175349
23.406898772494298, 18.3896851314844

0.015830562442695793, -0.03307481346958252
-0.43959033160779715, 0.055997980035663385
0.6513018962303274, -0.3697413349308428
0.4018042337688842, 0.8823079075847494
0.7990731120400252, 1.171865883151454
-5.205242126691582, -1.5481984297463127
-9.062445447790063, -4.40836973513498
3.7218039220370445, 18.60335009488835
23.33901454902909, 18.476784885444882

0.015881689089838648, -0.033455863273795114
0.10794484304365534, -0.37223860042467755
0.6468008861264551, 0.31178759817994617
-0.1863565127627401, 0.94936626254519
0.35193056561448155, 1.4069543967015834
-5.272798253844025, -1.306427947465375
-8.976477651220355, -4.571633068930384
3.5872735973650496, 18.635924287803704
23.27081193829226, 18.56363201801174

0.01592196213360936, -0.03383839605335434
-0.13847591359976957, 0.33823740309066536
0.0796345145776968, 0.6865241437452784
-0.7055333401017746, 0.6761687555850976
-0.1330563892747847, 1.4834776587166174
-5.3285311774015875, -1.0618134704325701
-8.887331592406207, -4.73328843315064
3.4525557420092365, 18.66751903506744
23.20229190080239, 18.65022536394755

0.015949371978622506, -0.03422099407731338
-0.3400437269010696, -0.2979612670345414
-0.5454563071941247, 0.4285020368597598
-0.9816977991268632, 0.16283220486477792
-0.6037585820368553, 1.4069909153533828
-5.372333462961584, -0.8149063205894066
-8.795035210395191, -4.893276325398369
3.317657601977161, 18.698133665926935
23.133455401442497, 18.73656376196884

0.015962102407299495, -0.03460463545431043
0.30118795651212854, 0.09254824681894938
-0.6855977044124949, -0.23080447401387194
-0.9255792768389384, -0.4163314624954209
-1.0176054194315673, 1.1967716698499682
-5.404120898274305, -0.5662606851167252
-8.699617391649026, -5.051537813364345
3.1825864173873217, 18.727767563976467
23.064303409426017, 18.822646054760018

0.015960221330244374, -0.034990557556723346
-0.43112009638925397, 0.08303331944809417
-0.22095903248404322, -0.7204429988978152
-0.5551364226258951, -0.8676615712171251
-1.3427572823036864, 0.8801883806782156
-5.42383250649502, -0.31643290909766186
-8.60110791199246, -5.208014475842928
3.047349422021094, 18.756420166789045
22.99483689826228, 18.90847108899167

0.01594460345061929, -0.035379761680434225
0.07121592942196756, -0.3896579390888076
0.448588069450978, -0.6116318120911505
0.008754338221766965, -1.035477176902442
-1.5573984096212454, 0.4888052171194723
-5.431430547695212, -0.06598078641262503
-8.49953741208542, -5.362648346770107
2.9119538428753704, 18.784090965590806
22.925056845729724, 18.994037715339065

0.015917577424409073, -0.03577199935261081
-0.10326368626059233, 0.3414988932676755
0.7332368379031953, 0.007199596828788686
0.5741097625321712, -0.8540270913876228
-1.6485171845346276, 0.056095943272709406
-5.426900500104909, 0.18453714004371152
-8.394937396226792, -5.515381870961553
2.7764068997687845, 18.810779504951615
22.85496423384545, 19.07934478849011

0.015880294472798553, -0.03616482969978924
-0.3614701933990316, -0.27662483453254655
0.3773336992363088, 0.5877745999101427
0.9384044803952938, -0.37944038100178423
-1.6109098297689657, -0.3837463802293106
-5.410251050996322, 0.4345622709162712
-8.287340245144069, -5.666157875437368
2.6407158049721473, 18.83648538241594
22.784560048826243, 19.16439116715273

0.015832252902977247, -0.036556366103429806
0.3137734711154502, 0.047635221125063444
-0.29999733638973497, 0.616900281696903
0.9656088150210232, 0.22016293033491813
-1.4467254032329218, -0.796434939248108
-5.381514093952514, 0.6835366530605014
-8.17677923643524, -5.814919555365731
2.5048877628229196, 18.861208248111947
22.713845281052905, 19.24917571406726

0.01577248100368707, -0.03694520344493488
-0.4205988882546696, 0.10940317657700042
-0.7039427187796227, 0.07640145062993259
0.6453707381942916, 0.7261592317593579
-1.1656496049363483, -1.14811909161287
-5.340744720926187, 0.9309036892706765
-8.06328856730189, -5.961610471208292
2.3689299693579264, 18.884947804392187
22.642820925038468, 19.33369729601671

0.0156994277072942, -0.03733139985040165
0.03352926362757084, -0.40310531076128225
-0.48758386068935045, -0.5620877232455922
0.09775812070273489, 0.9578979337741242
-0.7856893033725498, -1.4062730896213793
-5.288021217397884, 1.1761088517005436
-7.946903376208919, -6.106174554266045
2.2328496119760106, 18.907703805459732
22.5714879793937, 19.417954783833714

0.015613358515860608, -0.03771588964200796
-0.06732619116941899, 0.3415558174150219
0.1638822189856712, -0.7449124952176961
-0.4796826792799113, 0.840673413740396
-0.33435102516714277, -1.5414486854706504
-5.223445061278401, 1.4186004082916543
-7.827659762563878, -6.248556118427342
2.096653869106075, 18.92947605700085
22.499847446795407, 19.501947052407864

0.015515153527695289, -0.038098296560892364
-0.3810004414008805, -0.2538665233978008
0.682925349022147, -0.3054409308488325
-0.8889187618615633, 0.42334920928021197
0.15031494494965653, -1.5304351533656395
-5.147140915920194, 1.6578301566003377
-7.705594803825369, -6.3886998755615645
1.9603499099205466, 18.95026441584704
22.42790033395425, 19.585672980686624

0.015405507397310206, -0.03847797895074514
0.3208266087766963, 0.0012384557640203074
0.6064731241075813, 0.3717698002627758
-0.9957612273854641, -0.14875596196890972
0.6198879871050265, -1.361184471185647
-5.059256635054918, 1.8932541689120304
-7.580746569318212, -6.526550953370245
1.823944894091413, 18.97006878959426
22.355647651574557, 19.669131451673547

0.01528474722900212, -0.038853375815584165
-0.4080324011539092, 0.13503244787923954
0.0032219377222368296, 0.6847179533917541
-0.7660196113622063, -0.6840407962994679
1.0186838322365845, -1.0390772324639475
-4.959963269793618, 2.124333565644612
-7.453154131882227, -6.662054915583017
1.6874459715335783, 18.988889136194413
22.283090414317833, 19.752321352433974

0.015151572984505647, -0.039223772241909156
-0.004648706042079197, -0.41258771545986667
-0.5913928003524743, 0.3630103709099431
-0.27374118592761415, -1.0017044286659416
1.2914966867019477, -0.5924245618556861
-4.849455056692734, 2.350535306842853
-7.322857578083636, -6.795157783231848
1.5508602821571442, 19.006725463613684
22.210229640775253, 19.83524157409921

0.015005707301516845, -0.03959003662049301
-0.03097967841425244, 0.3382966771774101
-0.6623232675055492, -0.3072421488248792
0.3171337740207339, -0.9874648422553519
1.395779950214309, -0.07321923408702191
-4.7279494020598145, 2.571332994991212
-7.189898016453503, -6.9258060560020756
1.4141949556871358, 19.023577829529835
22.13706635343669, 19.917891011861496

0.014847854730242194, -0.03995266452915638
-0.39856805735301987, -0.22980035539135465
-0.14908556678364407, -0.745901707215504
0.7999445351108665, -0.6375436331308673
1.3141155306315326, 0.4504864488007461
-4.5956868683583165, 2.7862077085066352
-7.054317583720815, -7.053946733966169
1.2774571115155788, 19.039446341002897
22.063601578655653, 20.000268564969183

0.014679653638136371, -0.04031209109661592
0.3221261581375694, -0.04573295519915287
0.5055625956458524, -0.5672819416857214
0.997494419757322, -0.07133095169379167
1.0600983702319065, 0.9095665666501884
-4.452931142195759, 2.9946488636545525
-6.916159449947528, -7.179527339991991
1.140653858565615, 19.05433115417896
21.98983634661851, 20.082373136723316

0.014503436964746014, -0.04066673017144993
-0.3934500024469223, 0.15980742869170236
0.723255744075951, 0.0782997650407467
0.8350234790971747, 0.5062122478374372
0.6737266887088087, 1.24935115702612
-4.299968989463646, 3.196155102740304
-6.775467822609491, -7.302495942203722
1.003792295198286, 19.068232474032648
21.915771691313303, 20.16420363447044

0.014319375225250647, -0.0410139516598407
-0.042916031615372566, -0.4182337219999302
0.30814280061661603, 0.618007929892508
0.37400044786769443, 0.8855125434678074
0.209386189097755, 1.4384036346401912
-4.137110191250738, 3.3902352167390344
-6.6322879495586315, -7.422801176846147
0.866879509139083, 19.08115055412163
21.841408650498828, 20.245758969597972

0.014126588170911501, -0.04135210199463272
0.005535861096161041, 0.33156761622212505
-0.36825559483479, 0.5761070330599836
-0.21580508133330284, 0.9358476652239782
-0.27670666340682143, 1.4687041383793062
-3.964687450532367, 3.5764090951238185
-6.486666121605052, -7.540392271624307
0.7299225774038314, 19.09308569641676
21.76674826568319, 20.327038057531134

0.013923367256149526, -0.041680399700476295
-0.41410533816748696, -0.20454102363346519
-0.7137452396944347, -0.0032310646354068093
-0.7271405807108225, 0.6483057682547165
-0.7349118612910814, 1.3505041902415464
-3.7830562778870713, 3.7542087031452325
-6.338649674335511, -7.655219068759711
0.5929285662763173, 19.10403825123974
21.69179158210179, 20.408039817719054

0.013708567012517152, -0.0420003020624433
0.3176591077869628, -0.0925001931167331
-0.4322453245575887, -0.6157855781859424
-0.9890428479239951, 0.12760929994771783
-1.1257942586443932, 1.1059848092682518
-3.5925948560737555, 3.9231791045584057
-6.188286988625771, -7.76723204800714
0.4559045313330152, 19.11400861720961
21.61653964868763, 20.488763173619756

0.013483339245986214, -0.042313164244172786
-0.3768342194218685, 0.1836252697801164
0.23500517800789097, -0.729524016506782
-0.9170155146951059, -0.44972293292385424
-1.4205671749104456, 0.764090117325777
-3.393703855655627, 4.082879522457064
-6.035627490442351, -7.876382350501751
0.3188575174344007, 19.122997241222247
21.540993518047834, 20.569207052693454

0.013249191640341882, -0.042619272581201295
-0.08090681530811059, -0.4201435261803031
0.7050462256132263, -0.23758511089967607
-0.5341932655941494, -0.8905424052423032
-1.6001263796557206, 0.35713588310150657
-3.1868062057655204, 4.232884423172334
-5.880721650493383, -7.982621803081275
0.18179455869602995, 19.131004618558332
21.465154246449003, 20.649370386394583

0.0130081583073666, -0.04291802965475574
0.04187711449423032, 0.3212728477165668
0.5574959059332274, 0.42785162872227783
0.03422781621442565, -1.0423374631065285
-1.653841982116025, -0.0811039119652897
-2.9723468255546357, 4.372784636838674
-5.723620983110448, -8.085902942568291
0.0447226784639813, 19.138031293084154
21.389022893802956, 20.72925211015911

0.01276102580166382, -0.04320739062161066
-0.42753595232467717, -0.1782065852621798
-0.07509009447597341, 0.6756593033260143
0.5941870595554294, -0.8446569851210245
-1.5786967785512722, -0.5163678529748388
-2.7507923021898013, 4.502188514304397
-5.564378044496221, -8.186179040502086
-0.09235111074812881, 19.144077857517665
21.31260052365427, 20.808851163394127

0.012507210274307472, -0.04348661387379013
0.3075518699896448, -0.13812122173386152
-0.6326962055965638, 0.2939561731403461
0.9445596048284552, -0.35957013588607595
-1.3790108421956722, -0.9144502938341877
-2.522630511232345, 4.620723115222997
-5.4030464304458, -8.283404127982012
-0.22941980737764, 19.149144953797435
21.23588820317416, 20.888166489465828

0.012246862714907204, -0.04375565634609012
-0.3582153462315657, 0.20635089605760773
-0.6336573913002, -0.3798606571023499
0.9542573418292866, 0.240676345379363
-1.06680924115014, -1.2417806242634097
-2.288370173954341, 4.728035432724558
-5.239680773026132, -8.377533020535157
-0.36647642097553584, 19.15323327350933
21.15888700315127, 20.967197035684908

0.01198013740792825, -0.044014783956280557
-0.11823353479205949, -0.41848776486602446
-0.07736850112491286, -0.7626981923994889
0.6194902192224692, 0.7372599399815252
-0.6627553545945261, -1.4665068692830636
-2.048540334986986, 4.823793640761678
-5.074336736408869, -8.468521343709817
-0.503513972476965, 19.1563435583169
21.081597997986627, 21.045941753300955

0.011708543322670614, -0.04426440570778017
0.07772249855224599, 0.3073068478770802
0.5552145328641291, -0.5161632654092502
0.06550918660112802, 0.9533418799361628
-0.197368821510891, -1.5606075910122625
-1.8036897680946353, 4.907688357325301
-4.907071012586021, -8.556325559521891
-0.6405254946118151, 19.15847660046277
21.004022265702726, 21.124399597501384

0.011433536989192139, -0.04450312430834217
-0.4387737591834147, -0.1509080881997662
0.7036331733054073, 0.14902684154393397
-0.5083602210031574, 0.820057693039029
0.2881420666570139, -1.5035554059360365
-1.5543863056146932, 4.97943393717877
-4.737941316626205, -8.640902992606774
-0.7775040324061787, 19.15963324332037
20.926160887954413, 21.202569527403057

0.011155123832532015, -0.044729688775940905
0.29212268582341683, -0.18186211967228016
0.2341019487647444, 0.6420182059360959
-0.905820881715842, 0.3917086766289956
0.7427155883529826, -1.287741950040484
-1.3012160734345788, 5.038769785759215
-4.567006380612304, -8.722211856264833
-0.9144426437795117, 19.15981438187682
20.848014950035907, 21.280450506045522

0.010872929904749402, -0.04494327169417438
-0.3375521108996088, 0.22787688919597357
-0.43389350450232783, 0.5297605976452896
-0.9968194671535289, -0.18294971308428382
1.1097681242012665, -0.9248358646972662
-1.044782623703924, 5.08546167439935
-4.394325946859961, -8.800211279234501
-1.0513344002844414, 19.159020963118923
20.769585540894976, 21.358041500394684

0.010585704979675209, -0.045144264680838264
-0.1546294253965883, -0.41341865634771213
-0.7171653646594394, -0.08208851219762307
-0.7523212621728456, -0.7115186236360573
1.3364134828247394, -0.4503573177086577
-0.78570597131691, 5.119303054967634
-4.219960760542201, -8.874861332659222
-1.1881723879643546, 19.157253986338535
20.690873753153767, 21.435341481348797

0.010293848905162661, -0.045334726959646146
0.11269235322005114, 0.28959576527040043
-0.3733768710922433, -0.6619989803469671
-0.2512723921911117, -1.01513439917323
1.3863523301441225, 0.07778205603095703
-0.5246215230065415, 5.14011637134808
-4.043972561285838, -8.946123057223879
-1.3249497082935786, 19.15451450328527
20.611880683131048, 21.512349423749576

0.009999378119029637, -0.045515664203710296
-0.44774125597496034, -0.12276266435735361
0.3024462893598955, -0.7051493419672367
0.33906249345194417, -0.9839195273135902
1.2511180035511322, 0.5894664431622763
-0.2621788977038518, 5.147754356608358
-3.8664240741094074, -9.013958491064438
-1.4616594792019906, 19.150803618157997
20.532607430872655, 21.589064306402296

0.009704657483102813, -0.04568729690800524
0.27179203398402013, -0.22297571705254687
0.7182067677829594, -0.1661317814815963
0.8116641531965633, -0.6199822929129785
0.952991714721465, 1.018397105418104
0.0009593714570657481, 5.14210131575523
-3.687379000101718, -9.078330697739773
-1.5982948361155442, 19.14612248745601
20.453055100185484, 21.66548511209543

0.009412197141256061, -0.04584804599362668
-0.3148905715844198, 0.2480189223187113
0.5013884977202628, 0.4800953435160647
0.9926953241501082, -0.048026307752857815
0.5376105282973492, 1.3162249088300477
0.26411926198535685, 5.123074369639555
-3.5069020057947644, -9.139203793406882
-1.7348489329542527, 19.140472319611952
20.373224798665465, 21.741610827623532

0.00912204463141157, -0.04599555954189833
-0.18975352697044123, -0.40514439877255964
-0.15335162641841626, 0.6602857285293225
0.8135218877787552, 0.5247360711307805
0.06108353411976631, 1.4587046841886393
0.5266168064864478, 5.090624644848306
-3.3250587111041217, -9.196542974588823
-1.8713149430993938, 19.13385437439305
20.29311763772702, 21.81744044382585

0.008833325784437419, -0.04612924591270711
0.14634666548685035, 0.2681091121821016
-0.6679461159129833, 0.22292158548834312
0.34183172833464676, 0.890751072425666
-0.4216477516957494, 1.4438533301595127
0.787759756381054, 5.044738413799335
-3.1419156768816534, -9.250314546786829
-2.0076860603080022, 19.126269962169
20.212734732641216, 21.892972955634065

0.008545295062751103, -0.04624931411550332
-0.4543273674743105, -0.09394513885103306
-0.5988424167123083, -0.44722239498840205
-0.24902351188767288, 0.9245054079725618
-0.8637402339740777, 1.2860701437068518
1.04684937710769, 4.985438170276753
-2.9575403918526946, -9.30048595281984
-2.143955499497669, 19.117720443074674
20.13207720257055, 21.96820736212032

0.008257783085279073, -0.0463574544061962
0.24716428355790632, -0.26088364449078616
-0.005320555708207792, -0.7699024699918989
-0.751942298836364, 0.6230293219946569
-1.2289441057811272, 1.009978957751407
1.3031823705651726, 4.912783617582059
-2.7720012583402895, -9.3470258008991
-2.2801164973913366, 19.10820722604796
20.051146170597647, 22.04314266655308

0.007972652657759581, -0.046454892728334904
-0.2901686672970106, 0.2666341353229776
0.598179716095677, -0.4579356987268756
-0.9991868193007027, 0.09557484068575824
-1.4914622107557896, 0.645779509816888
1.5560529229452353, 4.826872556018228
-2.585367577070185, -9.389903893078348
-2.416162313028856, 19.097731767812345
19.969942763751796, 22.11777787646033

0.0076913599992587765, -0.046541342678653334
-0.22335895946173417, -0.39384846458688166
0.6756527186108492, 0.21940834987858368
-0.9111318979834435, -0.47928999711221176
-1.6348105620239637, 0.22634772782044107
1.8047548684922183, 4.727841653127887
-2.3977095312599586, -9.42909125336856
-2.5520862281231564, 19.08629557183159
19.888468113026807, 22.19211200369645

0.007414895502011962, -0.0466165075812801
0.1782914818620418, 0.24284434505500188
0.15714362504411863, 0.6602670797730259
-0.516065213027703, -0.9090970500167807
-1.650664903566776, -0.21433749075876118
2.0485839640335244, 4.615867089597798
-2.2090981692128353, -9.46456015546762
-2.6878815472927267, 19.07390018723977
19.8067233533912, 22.26614406451878

0.0071434313529517915, -0.04667974432189249
-0.45845838729552746, -0.06455503184632072
-0.4950596806630602, 0.47911647707287536
0.05661552408246565, -1.0446252063573678
-1.5381589565590126, -0.6419861971786539
2.286840274397059, 4.491165073168511
-2.019605385917855, -9.496284151328911
-2.8235415982118837, 19.060547207836585
19.7247096237978, 22.33987307967115

0.0068764588610778915, -0.0467320561661797
0.2188108363328122, -0.29513748591575406
-0.713082109913731, -0.1585791479563449
0.6109372779744132, -0.8307544330050575
-1.3038033661354924, -1.0225040099874734
2.5188306666718776, 4.353992192104253
-1.8293039043376689, -9.524238099779364
-2.9590597316494405, 19.046238271204363
19.642428067183637, 22.4132980744604

0.006615209291629179, -0.04677501681235331
-0.26344221487495545, 0.2835022584661026
-0.31058690733456945, -0.6995686097775973
0.9473274792032741, -0.33542342898730565
-0.9620387950522412, -1.3226709543438224
2.743871384521785, 4.204645585248959
-1.6382672557094833, -9.548398194061651
-3.0944293213960847, 19.030975057876002
19.559879830450683, 22.486418078830294

0.006361304092778363, -0.04680925233522364
-0.25520518128330844, -0.37976244816653393
0.3665048471886819, -0.6715034856231407
0.9397218288328535, 0.2651290137230429
-0.5362973897420735, -1.51147368179205
2.961290695276847, 4.043462934297495
-1.4465697582593389, -9.568741989051043
-3.229643764156922, 19.014759290560857
19.477066064436737, 22.559232127440666

0.0061168567120834455, -0.04683485420192933
0.2079693269469947, 0.21389490463579067
0.7233404309374435, -0.09130571093606969
0.590901237182394, 0.7520263258450642
-0.06020058467921112, -1.5626265105135297
3.170431599866446, 3.870822259448272
-1.2542864950106118, -9.58524842894248
-3.364696479422654, 18.997592733491953
19.393987923880857, 22.63173925974176

0.005883169182820087, -0.046850109916017686
-0.46003780695765234, -0.03482858538255308
0.4397169417047978, 0.5284984872145441
0.03124068362856001, 0.9523781320609819
0.4219376796179167, -1.4587613033205675
3.3706545863487567, 3.6871415081942076
-1.0614932908540713, -9.597897874419157
-3.499580909315401, 18.979477191866504
19.3106465673744, 22.70393852004131

0.005659238631261314, -0.04685406177745437
0.18745917234809065, -0.32540312802409865
-0.229844612378078, 0.6390896555426604
-0.5383146602359031, 0.8032484680091515
0.8567754517122658, -1.1972835814216023
3.561340415527625, 3.4928779265349754
-0.8682666883694569, -9.606672129519383
-3.6342905184467176, 18.96041451137096
19.227043157304532, 22.77582895756528

0.0054440424031201124, -0.046847300128255165
-0.23471747744153798, 0.29838861027011543
-0.6957152237945942, 0.1508217891959299
-0.9234129693079273, 0.36432944314800936
1.187635219434409, -0.7965814802266774
3.7418929100636262, 3.2885271916468226
-0.6746839229084568, -9.611554468513875
-3.768818793788372, 18.940406577825964
19.143178859790346, 22.847409626504742

0.005236564401324749, -0.04683146377716146
-0.28504159118326605, -0.36314341621757557
-0.5571492918862522, -0.508369042962096
-0.9982584761288312, -0.21234931396430964
1.3651057145936802, -0.2992827128546165
3.9117417124635625, 3.0746223113077877
-0.4808228968961292, -9.612529661818158
-3.9031592445246504, 18.919455316890392
19.059054844602855, 22.918679586047926

0.005037539097143525, -0.04680947134403114
0.23495162738785041, 0.18136924709825938
0.06722946837984368, -0.7673001172905687
-0.7389602922468834, -0.7337535536604898
1.3601630329423042, 0.2316780894954896
4.070345012209702, 2.851732301408884
-0.2867621527052117, -9.609584000971596
-4.0373054019402845, 18.897562693764975
18.974672285079812, 22.989637900409797

0.004849351761609562, -0.04678265864342899
-0.4589782310933462, -0.004918676689064461
0.6350367483405136, -0.39334239909813357
-0.22927259656042745, -1.023067734169176
1.1735725006799715, 0.7255566628340618
4.217192219400195, 2.620460620684868
-0.09258084419925619, -9.602705323823972
-4.171250819380986, 18.87473071297729
18.890032358045907, 23.060283638852255

0.004673801483967668, -0.04675123121344097
0.15372776534528992, -0.35152934053840057
0.6408324316344512, 0.28859616252508286
0.3603393503026987, -0.9748822734597156
0.8356442506641815, 1.1201436064767738
4.351806543034956, 2.381443360405495
0.10164129223931859, -9.591883039650021
-4.304989072231475, 18.85096141825619
18.805136243729365, 23.130615875684136

0.004512328466068007, -0.04671450040888117
-0.20404164891284132, 0.3110522007877693
0.07921844786831937, 0.6724705529094712
0.822634961302293, -0.5972036234447411
0.39649562764342944, 1.3739451729305876
4.473747452372577, 2.1353472063431016
0.2958239675113286, -9.577108153090837
-4.438513757902309, 18.826256892415014
18.719985125673837, 23.20063369024943

0.004364405637575453, -0.046671532176000105
-0.31272020599812267, -0.3442351589050502
-0.549978358588297, 0.4243907267448451
0.9872835434090174, -0.019972912537125024
-0.08709322439074924, 1.4697236152845576
4.582613004761644, 1.882867175998235
0.4898863707313377, -9.558373287416787
-4.5718184958620105, 18.80061925724999
18.634580190654816, 23.270336166908223

0.004229160885449629, -0.04662334478494056
0.25865126987988657, 0.14551890951113597
-0.7002354434754996, -0.2322904856143957
0.7918775912226574, 0.5475160627504754
-0.5620883934168017, 1.4109903276943732
4.678042002155216, 1.6247241432602455
0.6837472010330556, -9.535672707009393
-4.704896927693936, 18.774050673475305
18.548922628598667, 23.339722395005165

0.004106697222720243, -0.04657114158871255
-0.45522576940154397, 0.024919793124895118
-0.24324457124534443, -0.7284330181859502
0.310275314207905, 0.8999433379634092
-0.9846716361122294, 1.215732798432736
4.759715976707083, 1.3616621733152618
0.8773247004639121, -9.509002338769998
-4.837742717168897, 18.746553340638002
18.46301363250484, 23.40879146883382

0.003997294271992922, -0.04651642028516506
0.11831881366766767, -0.37342774199624507
0.42772461287890357, -0.6294315453987411
-0.28081513689495513, 0.9171236416703851
-1.3217532903595144, 0.9106078222633263
4.827360971608059, 1.094445658845051
1.0705366881019642, -9.478359792982303
-4.9703495503791375, 18.718129497039946
18.37685439838204, 23.477542487600065

0.0039023689089791543, -0.046459979250252366
-0.17153391732382503, 0.3211975228652219
0.7217717012410819, -0.014605691778447937
-0.7746794953666817, 0.6019598387102485
-1.5503994048423146, 0.5268310349064383
4.880749073783556, 0.8238562926018143
1.2633005948248612, -9.443744383894712
-5.102711135898129, 18.688781419724275
18.290446125192627, 23.545974555372492

0.003822101825242731, -0.046401193359094886
-0.33804653737863727, -0.3233251939604093
0.3747413199995705, 0.5718566346215648
-1.0068802675380817, 0.06807322275563493
-1.656620764510033, 0.09772299019803338
4.919699708068669, 0.5506899134695822
1.4555334984025852, -9.405157148631147
-5.234821204917744, 18.658511424448353
18.20379001479584, 23.614086781026103

0.003755544441955592, -0.0463405162585766
0.27858787809851643, 0.10667757859140835
-0.3021509467487615, 0.6117506413615983
-0.9026290002633685, -0.5040274502504464
-1.6343266972637118, -0.3425810786704182
4.94408068810069, 0.2757532302287416
1.6471521597925405, -9.362600864280703
-5.366673511406561, 18.627321865597416
18.116887271899564, 23.68187827819516

0.003701796875800365, -0.04627898555509032
-0.4487417932041325, 0.05446419401097452
-0.7142441697152004, 0.07786943297546574
-0.4953329845264947, -0.9226185562050456
-1.4847984623152453, -0.7597928675588729
4.9538089818684075, -0.00013955444646849806
1.838073060414766, -9.31608006419794
-5.498261832321138, 18.595215136112056
18.02973910402774, 23.749348165227726

0.003660019744597844, -0.04621898644933866
0.08177914341109742, -0.39117709464616607
-0.5075735104795354, -0.5633420492429688
0.08144427731397356, -1.0418548138249357
-1.216795981687973, -1.1199830423745432
4.948851194297274, -0.2761701765886276
2.028212439852851, -9.265601052888787
-5.629579967820746, 18.562193667438883
17.94234672149304, 23.8164955651373

0.0036315865112548284, -0.046163079055525136
-0.13731591610011964, 0.32853124093148794
0.14102313623109025, -0.7556265769575926
0.629922265829126, -0.8120418459723097
-0.8472779312376761, -1.3904010892169705
4.929223765003871, -0.5515197818635573
2.217486334141736, -9.21117191905767
-5.760621741488934, 18.528259929453053
17.854711337376436, 23.883319605560246

0.00361831958692103, -0.046111839360187416
-0.36094518473486537, -0.30068978666201895
0.6668135961373135, -0.32375751502740285
0.9522661135303132, -0.30700658464197145
-0.40255524571367796, -1.5410980493146869
4.894992867346471, -0.8253723995967587
2.4058106144065157, -9.152802547222777
-5.891381000579572, 18.493416430392795
17.76683416751562, 23.94981941871546

0.003621508961637332, -0.046064969060558084
0.29425704963680493, 0.06524282094982393
0.6008987150227625, 0.35500448799242834
0.9276080533082226, 0.2931526857804172
0.08060381644200007, -1.547894014977694
4.846274028080222, -1.0969183843921484
2.593101024891177, -9.09050462713338
-6.021851616246222, 18.45766571679279
17.678716430494422, 24.01599414136413

0.0036412397921535247, -0.046020875987861955
-0.43953349786794, 0.08344091976979871
0.002627158687694489, 0.6776090922539145
0.5653144678779318, 0.7697556880137355
0.5549222464786374, -1.397095123812846
4.7832314768580595, -1.3653578193851055
2.7792732205315858, -9.02429165974559
-6.1520274837674025, 18.421010373356594
17.59035934763439, 24.08184291478166

0.003675211210894989, -0.045979090549668804
0.04468040353266035, -0.4048928736956488
-0.596681808476515, 0.3654351480075614
0.0006926637178500028, 0.9540429262919181
0.9652686572868784, -1.0916743680935406
4.706077192579552, -1.629903841872019
2.9642428041815525, -8.954178961069578
-6.281902522817323, 18.383453022817086
17.501764142999857, 24.147364884741194

0.003721645573441193, -0.045941133126252
-0.10161543227694136, 0.33273648595877203
-0.6776543756890872, -0.3032326593975965
-0.5639134794880446, 0.7889954994744866
1.2557989045393574, -0.6570517344564608
4.615069689807742, -1.8897858426688394
3.1479253616264136, -8.880183664276506
-6.411470677749502, 18.344996325844576
17.412932043407228, 24.212559201493296

0.0037794617953193148, -0.045908885879413136
-0.3812990138426379, -0.27662449451810944
-0.17101594494454275, -0.7492954468851818
-0.9361912633257784, 0.33959778400317037
1.3817471065319702, -0.1426479650813821
4.5105125734705664, -2.1442525422258023
3.330236492822741, -8.802324718963972
-6.540725917846145, 18.305642980932962
17.323864278428864, 24.277425019748353

0.0038488814241016836, -0.045884818372871596
0.305249272663556, 0.02182956749267812
0.4865217593784046, -0.5804013854246316
-0.994629365625253, -0.2389127890134296
1.3222180372961339, 0.384680713767211
4.392752853873638, -2.3925749183147333
3.511091838405465, -8.720622888189054
-6.669662237572298, 18.265395724240495
17.234562080400096, 24.34196149867122

0.0039313157271461795, -0.04586962341976931
-0.42761936321928923, 0.11162323689404947
0.7144085365159303, 0.06212359742641116
-0.7205213276467446, -0.752957964925502
1.0871786192525024, 0.8550429231928126
4.26217904460232, -2.63404895210621
3.690407099566437, -8.635100745900099
-6.798273656842811, 18.224257329429108
17.14502668443, 24.406167801880034

0.004026705806297139, -0.04586298263516582
0.007454761705282467, -0.41475721219970735
0.30791074835126386, 0.6085271925410954
-0.20242622361571486, -1.0279254175839372
0.7140562378341985, 1.2114258465782577
4.1192190754311175, -2.8679981824281437
3.8680980484527856, -8.545782677624938
-6.926554221281956, 18.182230607485668
17.055259328410905, 24.470043097450105

0.004134521302747807, -0.04586493184663034
-0.0646768509126717, 0.3335344323369979
-0.3687787217759832, 0.5773082439015936
0.38611421516811334, -0.9630172365820723
0.25624443848071254, 1.4194934693510293
3.964338027295995, -3.093776045925371
4.044080528160382, -8.4526948899948
-7.0544980024981605, 18.139318406521458
16.965261253031642, 24.53358655792645

0.004253420053523143, -0.04587565771666303
-0.3991247831333347, -0.251382264547233
-0.7227394698168899, 0.003594862670733689
0.837847324877928, -0.5721652364743299
-0.22971683145508795, 1.468672713333536
3.7980357327739656, -3.310767982152516
4.218270442887933, -8.35586543993346
-7.182099098373434, 18.095523611603223
16.875033701793384, 24.596797360335113

0.0043824411047775815, -0.04589688338800435
0.31121385957491515, -0.023003768791776447
-0.45025518500183276, -0.6128704194698299
0.9861222248956301, 0.009570946829566808
-0.6931403276289533, 1.3673962108316888
3.6208442689664535, -3.518393316092699
4.390583742309663, -8.255324295738365
-7.309351633312909, 18.050849144579622
16.784577921016048, 24.659674686191554

0.004522209939136181, -0.045929658681780734
-0.4130754937047251, 0.13873930157420908
0.21551210303228904, -0.7364995192424092
0.7747889976059317, 0.5710362431372075
-1.0933229109890383, 1.1367332035988809
3.4333253329169606, -3.7161068973226867
4.560936414463223, -8.151103442447726
-7.436249758478836, 18.00529796383914
16.69389515984286, 24.722217721521464

0.0046729401902528165, -0.04597403372697861
-0.029534227256613664, -0.42100826875543446
0.6934046023827388, -0.25159010477093213
0.2837533045741571, 0.9093271317698767
-1.4002632300751143, 0.8050290615144223
3.236067526648807, -3.903400467151875
4.729244514348746, -8.04323703978876
-7.562787652056275, 17.958873064061127
16.60298667025025, 24.784425656887745

0.004834816579784937, -0.04602940773642803
-0.02685176737609189, 0.33062474541714487
0.5564986781639099, 0.41627192744002095
-0.30707026462475906, 0.90963187731691
-1.593784028726571, 0.40431447568913176
3.0296835890334473, -4.079803781367605
4.895424262677355, -7.931761622279381
-7.688959519516507, 17.91157747598981
16.51185370705686, 24.84629768741465

0.005006333914959539, -0.046094331296550474
-0.4143830261770352, -0.22524498939941762
-0.07182534343884782, 0.6739772047174006
-0.791449961281659, 0.580704533021927
-1.6623096696925572, -0.031752306543143406
2.8148075652691804, -4.244885505152948
5.0593922422293325, -7.81671629745359
-7.814759593862489, 17.86341426618918
16.420497527927175, 24.907833012812798

0.005184794777579577, -0.0461693268195568
0.3119551896521003, -0.06845977374771958
-0.6347891400191834, 0.30099898003613146
-1.008344040332963, 0.04049769060491747
-1.6019459419880584, -0.46893898061874245
2.5920919436378798, -4.398253892574558
5.221065687870554, -7.698142871827359
-7.940182135876027, 17.81438653678916
16.328919393375276, 24.969030837407477

0.005368606493260262, -0.04625597865663386
-0.39598759708965897, 0.1645636504601374
-0.6455496639122551, -0.372566924972418
-0.8878983700338392, -0.5286447833944007
-1.4161307985599354, -0.8730089890377822
2.3622047983300694, -4.5395572883942465
5.380362813719195, -7.576085839821983
-8.065221434347077, 17.76449742523395
16.237120566764037, 25.02989037016429

0.00555682791059774, -0.046356433246647594
-0.06592434387102816, -0.42385507775750253
-0.09472713870037897, -0.7636651523552745
-0.4686522750687682, -0.9359189498786694
-1.1159284150264102, -1.2102740140011945
2.125826976964486, -4.668484452958046
5.537203086470681, -7.45059222050336
-8.189871806278829, 17.713750103981535
16.145102314299503, 25.090410824720923

0.005750620616667241, -0.04647257694135265
0.011499215360905882, 0.32379918909966154
0.5419672257575794, -0.5267485303904996
0.11176666191557943, -1.0390109189584877
-0.7209082157364939, -1.448591675277569
1.8836493849280052, -4.784764701112109
5.691507372923855, -7.321711296733811
-8.314127597122308, 17.662147780185204
16.05286590503134, 25.150591419425066

0.005951371730621043, -0.046603829573833314
-0.42713627073127786, -0.19840210518506135
0.7010890094198048, 0.13613755583721437
0.6539341897562686, -0.793711371591765
-0.260357110359189, -1.55932423660428
1.6363703938908438, -4.888167861478545
5.843197950834181, -7.189494348308223
-8.43798318101993, 17.60969369542226
15.96041261085232, 25.210431377364763

0.006159102303559164, -0.04674899510220638
0.30737906988451097, -0.11384942880026773
0.2396893123833453, 0.6364045942266461
0.9619242289448764, -0.279679638850863
0.2257848448460808, -1.5207977856148849
1.3846933532505052, -4.978504045509881
5.992198427574736, -7.0539944506818655
-8.561432961004977, 17.556391125417175
15.86774370648898, 25.26992992639393

0.0063729420643724435, -0.046906511384758647
-0.3764743222613962, 0.18889545270896774
-0.42951876745170875, 0.5344507821489193
0.9201866759019594, 0.31929824264435874
0.6874690743700722, -1.3235377792204497
1.1293242023663839, -5.055623210534908
6.138433629844669, -6.915266362027923
-8.684471369184338, 17.502243379714795
15.77486046948917, 25.329086299165265

0.0065903810285762995, -0.04707585864601926
-0.10154433743106513, -0.42355727514473707
-0.7216029003127997, -0.07303050044871436
0.5446627287288405, 0.7849464366259248
1.0683639267550185, -0.9766212647508803
0.8709691929145801, -5.119414552144905
6.281829512648639, -6.773366484820459
-8.807092866935681, 17.447253801355178
15.681764180212236, 25.38789973316264

0.006809930518262691, -0.047258253793193795
0.049922696804329966, 0.3128145742215858
-0.3861654771949699, -0.6580912035095181
-0.024531004699278675, 0.9527814634771403
1.3144984257254315, -0.5126723958994207
0.6103327142355202, -5.169805754238137
6.422313107894617, -6.628352873642152
-8.929291945085506, 17.391425766549407
15.588456121815087, 25.44636947073224

0.007031133025850927, -0.04745436239298509
-0.43741503565571777, -0.1710728957434068
0.28937430300418665, -0.7115571109036304
-0.583824974098536, 0.7717410968293058
1.3869260471752567, 0.012675322301440499
0.3481152275591674, -5.20676211353158
6.559812513065321, -6.480285262841784
-9.05106312408561, 17.33476268432864
15.494937580238945, 25.50449475911605

0.007253917679579046, -0.04766477157758981
0.2975724755963402, -0.15837091842215714
0.7138289430764972, -0.1790510250051372
-0.9431165453690734, 0.3120234802911691
1.2735369314202456, 0.5299621585286499
0.08501131644381793, -5.230285566952189
6.694256912019714, -6.329225097138521
-9.172400954204086, 17.277267996222406
15.401209844196693, 25.56227485048041

0.0074786537793693104, -0.047888709072991864
-0.3546742790715284, 0.21151687899781166
0.5074584090759747, 0.47037400491128584
-0.9852649589143967, -0.26809930866146986
0.9931926417907381, 0.9715924914307084
-0.17829215064007536, -5.240413628989999
6.825576617658831, -6.175235556972529
-9.293300015675516, 17.218945175949074
15.307274205151884, 25.619709001938162

0.007703829600411969, -0.048125016841177336
-0.13611775531021958, -0.42031338765112747
-0.1439984021966625, 0.6604666258261584
-0.6967104922064222, -0.7746656127320747
0.5893999469776636, 1.2866018745488867
-0.44111772850100756, -5.23721824684572
6.953703126941996, -6.018381574325696
-9.413754918817217, 17.159797729046808
15.213131957293827, 25.676796475577735

0.007927823361634462, -0.04837408152965634
0.0879128936063466, 0.2975673167576711
-0.6647000672153497, 0.23081189498741564
-0.1707259595853203, -1.035346872615344
0.11769840942308196, 1.4478694695109988
-0.702798973955178, -5.220804607630804
7.078569183190196, -5.858729838059465
-9.533760304174786, 17.09982919248865
15.118784397519551, 25.733536538496494

0.008149567427747357, -0.048636549817093415
-0.4452770582845988, -0.14342908140560484
-0.6052454587881946, -0.440442099380077
0.4161487622925135, -0.953995544976157
-0.366388029048158, 1.4510446773842514
-0.962681905814893, -5.191309905458509
7.200108842425898, -5.6963487907593615
-9.653310842676888, 17.039043134345025
15.024232825415, 25.789928462824925

0.008368864292795961, -0.048913864866881804
0.2827524211080391, -0.2013137610871517
-0.01624005107924704, -0.7722487939210051
0.8567647228853817, -0.5504912352111117
-0.8148696565208341, 1.3089197745100167
-1.2201263483860976, -5.14890206824864
7.318257540681183, -5.531308618205382
-9.772401235750056, 16.977443153440266
14.929478543229461, 25.845971525747668

0.008587292374835001, -0.04920614496381578
-0.3307098953086965, 0.23227857343871725
0.5924100467366988, -0.4697701069971325
0.9883227067834004, 0.03506107637811125
-1.190219320348839, 1.0451785239255125
-1.4745071529990397, -5.093778454701658
7.432952160888552, -5.363681232244028
-9.891026215428043, 16.915032878987752
14.834522855850485, 25.901665009526944

0.008805399627590743, -0.04951162479357149
-0.16954039007002492, -0.4143444267068571
0.6807607925853377, 0.20607995254423614
0.7610348056796046, 0.5898339553002641
-1.4654484858180572, 0.689538515003582
-1.7252153043394984, -5.026164537992455
7.54413109891887, -5.19354024835122
-10.009180544454452, 16.85181597024053
14.739367070776636, 25.95700820152121

0.00902267504783125, -0.04982838175197273
0.12497427630001419, 0.2779294390548844
0.16950978810364828, 0.6546142969451278
0.26079875464904645, 0.913540789881978
-1.6230269560567865, 0.27465983171998093
-1.9716589145647296, -4.946312582679049
7.651734327772503, -5.020960958632305
-10.126859016351837, 16.787796116120276
14.64401249808607, 26.01200039420532

0.009237083888530898, -0.05015444746763825
-0.4507880022702759, -0.11559794997721967
-0.48494626041947514, 0.48314434158959757
-0.32945730338501994, 0.8968479262560478
-1.6537034595327509, -0.16555737279264443
-2.21326411721432, -4.854500331468228
7.7557034597595385, -4.846020299931796
-10.244056455499873, 16.722977034817756
14.54846045040994, 26.06664088519605

0.009445739097399791, -0.05049017498416491
0.26324851583867487, -0.24202664605538138
-0.7121685272169879, -0.15144172773543962
-0.804193909407795, 0.554311794502801
-1.5557391994291307, -0.5968303031702937
-2.449475869113035, -4.751029695123668
7.855981808040302, -4.668796818375684
-10.360767717239943, 16.657362473438546
14.45271224290876, 26.120928977268967

0.009647623948982503, -0.05083701562034252
-0.3047313996025748, 0.2510019920266146
-0.31755205532662395, -0.6987718369766084
-1.0058651042097209, 0.008060425978427708
-1.3347511439181639, -0.9850098403715191
-2.6797586550942487, -4.636225447824431
7.952514446769316, -4.489370631514256
-10.476987687935145, 16.590956207674736
14.356769193239058, 26.174863978366492

0.009842576004188395, -0.051196054487646456
-0.2016406514965973, -0.4058148686524637
0.3602786385793977, -0.6814435300995856
-0.869538937575799, -0.5578632605546409
-1.0041957402135633, -1.2967145485536147
-2.9035971025759895, -4.510433947313804
8.045248268729429, -4.3078233873839755
-10.592711284991635, 16.523762041424572
14.260632621517738, 26.22844520161359

0.010031800954299409, -0.05156788838079997
0.16047076355695583, 0.2539502391857398
0.7264503760273858, -0.10717535179290663
-0.438863139444831, -0.953646934526276
-0.5863836570483989, -1.5005577350342911
-3.1204965229028105, -4.374021883867964
8.134132041036922, -4.124238220197193
-10.707933456899626, 16.45578380640651
14.16430385029198, 26.281671965334553

0.010216305128944114, -0.051950922746837144
-0.4540035953039983, -0.08771939120708812
0.45280175951772195, 0.5165965409022085
0.14449687614009743, -1.0405895148421849
-0.11368950674632962, -1.5695025434355585
-3.329983380523981, -4.227375053201452
8.219116459639594, -3.938699703548158
-10.822649183271096, 16.38702536179999
14.067784204507905, 26.33454359306407

0.010395305857841129, -0.052343706896089505
0.23950841691253677, -0.2799023640516579
-0.21464610341910506, 0.6370425961705193
0.6796076620194222, -0.7800715034299774
0.3708026025421515, -1.4848453588161419
-3.5316056986813242, -4.070897158199337
8.300154201632889, -3.751293801274234
-10.936853474856123, 16.317490593880922
13.971075011477208, 26.38705941355781

0.01056798090049263, -0.05274541593026575
-0.2769076181477451, 0.26753530899672123
-0.6875245763682079, 0.1555004369483729
0.9726916353563075, -0.2575645230939355
0.8146124201139214, -1.241909640517042
-3.72493340064112, -3.905008635974947
8.377199975806384, -3.562107815344054
-11.050541373565048, 16.247183415666292
13.874177600846714, 26.43921876080171

0.010733010629714575, -0.053155750928112956
-0.23231869159645016, -0.39493113590871537
-0.5586341791078261, -0.5061270735076454
0.9136703447156155, 0.33965373369703233
1.1609966924901203, -0.8563423615254852
-3.909558590456616, -3.730145520800694
8.450210572291816, -3.371230332019277
-11.163707952470835, 16.176107766590253
13.777093304563051, 26.49102097401244

0.010890286703325255, -0.05357540676754175
0.1938510080355212, 0.22564320138826383
0.06203513923121596, -0.7749863906287164
0.5250126521006022, 0.7939459224362759
1.3590118069083388, -0.3679436653239353
-4.085095788995826, -3.546758349847131
8.519144909607158, -3.178751166448851
-11.27634831576264, 16.104267612149005
13.679823456832453, 26.54246539764233

0.011040610354158676, -0.05400364089227321
-0.4549656698489191, -0.059902794229663325
0.6358218464000083, -0.41025086437818714
-0.04853926738262529, 0.9452185421272669
1.3766016320662446, 0.16225080990899557
-4.251182136185927, -3.3553111024993254
8.583964078579028, -2.984761304421989
-11.388457598713646, 16.0316669435217
13.582369394087793, 26.593551381391162

0.01118390687002589, -0.05443919319118414
0.21203001414094824, -0.31453184672367135
0.6524061412127797, 0.27105585892035455
-0.6023679995373069, 0.7483329766646213
1.210806270163304, 0.6635820260235437
-4.4074775479309265, -3.156280164439529
8.64463138486182, -2.789352841513592
-11.500030967671412, 15.958309777241418
13.484732454958804, 26.644278280208603

0.011319751942695515, -0.05488042924225072
-0.24735009429220337, 0.28174042749391337
0.09700443830101331, 0.6630287206433397
-0.9486681583661445, 0.2786069931108653
0.8887932789365648, 1.072067590320758
-4.5536648363102925, -2.950153331201021
8.701112390148838, -2.592618921044549
-11.611063620013145, 15.884200154892758
13.386913980235525, 26.694645454290136

0.011446047136249474, -0.05532612963991798
-0.2614625668803053, -0.38182152458507035
-0.5356642899299222, 0.42407514847854466
-0.9747029919761546, -0.30272182733258
0.4590044196684475, 1.3434160148771097
-4.689449804919116, -2.737428846454157
8.753374950324874, -2.3946536704017443
-11.7215507840735, 15.809342142792794
13.288915312831056, 26.74465226907722

0.011561142549415728, -0.055777300867123326
0.22444977586384035, 0.1932383232376648
-0.6956519070451733, -0.2307481610046255
-0.672107797963521, -0.8013718366569934
-0.021948326585495198, 1.4575990431872987
-4.814561318392686, -2.5186144728746256
8.8013892513205, -2.195552135194636
-11.831487719074543, 15.733739831686231
13.190737797746987, 26.79429809525601

0.011665026786604102, -0.056234983945037426
-0.4537181426285445, -0.032234815612068896
-0.24606683569263826, -0.7342901195017753
-0.13889245840383446, -1.0474311631944035
-0.5002104500261219, 1.4159705237408169
-4.928751356321692, -2.294226596838012
8.845127842893726, -1.9954102121527668
-11.940869715033427, 15.657397336454641
13.092382782036298, 26.843582308753437

0.011758551860780083, -0.056700127676209494
0.18139103934666678, -0.3454784539538697
0.4265061164559151, -0.646099227908039
0.4455263214573272, -0.9495661663999927
-0.9307298118536999, 1.2351220091474024
-5.031795053328149, -2.0647893555671923
8.88456566924321, -1.7943245805619705
-12.049692092666039, 15.580318795818918
12.993851614769516, 26.892504290737694

0.011843980220680539, -0.05717212874388827
-0.21626916775894772, 0.2934819216037984
0.7301451514120022, -0.03643044575222623
0.8743493129609966, -0.5336434080392608
-1.279144162782435, 0.940925587829702
-5.123490712600566, -1.8308337881888925
8.919680096840697, -1.5923926316945551
-12.157950203314568, 15.50250837209106
12.895145647004748, 26.94106342761288

0.011922057879473261, -0.057648325221306196
-0.28898518114672633, -0.3666472164771565
0.39235489851077004, 0.5547737535688265
0.9888141397409804, 0.055322607434111395
-1.521369518349043, 0.5642098096496413
-5.2036598117936785, -1.592897022975408
8.950450940801337, -1.3897123969052596
-12.265639428847383, 15.423970250977181
12.796266231752135, 26.989259111004436

0.011991976595764542, -0.058126669948197894
0.2516454633025106, 0.15699534949600324
-0.2837426938291882, 0.6045403306624483
0.7455168556841419, 0.6030427395916106
-1.6424137808937824, 0.13813282705708652
-5.272147012572915, -1.3515214858751574
8.97686048873655, -1.186382475511246
-12.372755181515855, 15.34470864136811
12.6972147239343, 27.037090737750077

0.012052189086459879, -0.05860563139069131
-0.4503000579199082, -0.004827282138727167
-0.7038808319298451, 0.07646300475664997
0.2362401452145293, 0.9120108568190427
-1.6352874092942413, -0.3032156437499574
-5.32882016066627, -1.1072541227664658
8.99889352053388, -0.9825019615091873
-12.479292903828645, 15.264727775134304
12.597992480353877, 27.084557709896107

0.012100730585113715, -0.059085563891028245
0.14813027290018957, -0.3725648348951797
-0.5069385230694509, -0.5683860247118239
-0.3532173044302391, 0.878436032346263
-1.5004058407369536, -0.7255261450849049
-5.373570277490193, -0.860645641479249
9.01653732548468, -0.7781703687715317
-12.5852480684475, 15.184031906982009
12.498600859663233, 27.131659434686775

0.012137692406757631, -0.059567558671673376
-0.1837807110643062, 0.3026051333220707
0.138679677820499, -0.771097477103097
-0.8181451776249833, 0.5226601370632891
-1.2456207107899668, -1.0947812764802722
-5.406311554891837, -0.6122497699810319
9.029781717083987, -0.5734875556411674
-12.690616178070547, 15.10262531434434
12.399041222331862, 27.17839532455141

0.012163748195539295, -0.06005150291692745
-0.3147960636818334, -0.3495343888389561
0.6710357077987571, -0.34791514543017843
-1.0046180872274495, -0.02907560811587574
-0.8868726707989141, -1.3780192867485181
-5.426981344314852, -0.3626225243073493
9.038619044709097, -0.36855364900651627
-12.795392765334466, 15.020512297307917
12.299314930616358, 27.224764797091947

0.012179765636547706, -0.06053690298824008
0.2748490746267506, 0.11731382363261342
0.6155730427206152, 0.3312275617509175
-0.8527142622363105, -0.5911520393105956
-0.44930834736693864, -1.5448362339098891
-5.43554014996063, -0.11232149331408527
9.043044202549748, -0.1634689676478029
-12.899573392726943, 14.937697178604393
12.199423348528883, 27.27076727506392

0.012186101887286208, -0.06102201386957654
-0.4447348008473813, 0.022244438499269267
0.022259199156104418, 0.6624566310794887
-0.4111732862548193, -0.9749312448938547
0.03157141187722204, -1.5701671847333252
-5.4319716336169686, 0.13809487647434165
9.043054636148861, 0.04166605441851015
-13.003153652485517, 14.854184303620999
12.099367841803078, 27.316402186362076

0.012181494996704414, -0.061506020981342155
0.11284185433792072, -0.3955629199737179
-0.5818367163132863, 0.35888972594026425
0.1744546441947527, -1.0454773525730403
0.5096642756384554, -1.4387867648784756
-5.416282608929665, 0.3880679978871169
9.038650345049446, 0.2467509444200823
-13.106129166539137, 14.76997804042344
11.999149777866709, 27.361668964010917

0.012165662855352088, -0.061989364245795556
-0.1501134487449653, 0.30898615234628807
-0.6730002924195625, -0.30902574210100586
0.7019224394818667, -0.7697745298561882
0.9305026505043363, -1.1513674541012842
-5.388503033618803, 0.6370398495504769
9.029833882010811, 0.45168526807317266
-13.208495586527842, 14.685082779859133
11.898770525819709, 27.406567046148492

0.012138908190065134, -0.062472209145097136
-0.3388019198756179, -0.3306220345702799
-0.17329754137947037, -0.7632090165638353
0.9797276522441989, -0.23901210000324252
1.2378017844506817, -0.7304639555922513
-5.348686017935821, 0.884453683536145
9.016610350154806, 0.6563687069440899
-13.310248593844962, 14.599502935732145
11.798231456406835, 27.451095876003013

0.012102561284349703, -0.06295478342866265
0.2934824774159084, 0.07475749158055789
0.4865585326319831, -0.6048870407674174
0.9033179368487373, 0.35617308556966365
1.3847942340611454, -0.2227998207432621
-5.296907833478141, 1.1297547465249396
8.998987397426447, 0.860701135250898
-13.411383899704987, 14.513242944983306
11.697533941990098, 27.495254901874432

0.0120584235321056, -0.06343529041097899
-0.43704251722556337, 0.04888949681338081
0.7241305854187902, 0.03353073932857545
0.5016815534507691, 0.798933118665675
1.347217716420159, 0.3062205543053699
-5.23326791733355, 1.3723910055435846
8.976975207802436, 1.0645826961437983
-13.511897245290887, 14.426307267895332
11.596679356525913, 27.53904357711768

0.012006248282022352, -0.06391130026752238
0.07605014917344066, -0.41444376412857814
0.3258954366093891, 0.5856518070978673
-0.07590670528807654, 0.9337000854615675
1.1313381388161305, 0.7861957359971672
-5.157888880550316, 1.6118138854664765
8.950586489534995, 1.26791387755499
-13.611784401968231, 14.338700388328599
11.495669075542997, 27.582461360124004

0.011944991621332612, -0.06438120555923217
-0.11540549586447788, 0.3124755599614935
-0.3514420324293677, 0.5642866744857967
-0.6239414371758797, 0.7213197651523309
0.7718156230111178, 1.1578997118260677
-5.070916510834017, 1.8474790211848946
8.919836460386522, 1.4705955872052239
-13.71104117156876, 14.250426813943808
11.394504476123343, 27.625507714306178

0.011872674486989353, -0.06484433515845112
-0.360938028226758, -0.31001815563076934
-0.7142815971094786, -0.004495490314452402
-0.9570800415715299, 0.24218470287145832
0.32085441429869443, 1.384080270145615
-4.972519771987543, 2.078847019878481
8.884742829354076, 1.6725292270844052
-13.809663386786415, 14.161491076426822
11.293186936889597, 27.668182108081115

0.011788208233891675, -0.06530223678766969
0.3071024610092958, 0.029910277468417696
-0.451398771808634, -0.625427416470731
-0.9670994789582305, -0.339641499352279
-0.1648064438029763, 1.4515124309518719
-4.862890812010609, 2.3053842454909157
8.845325776335976, 1.8736167675731026
-13.907646911646921, 14.071897731726704
11.191717837989005, 27.71048401484432

0.011692701160525554, -0.06575607670329747
-0.42722292014014657, 0.07502810210002925
0.21207385151928715, -0.7596014325316657
-0.6508238576833503, -0.8297424886459842
-0.6334781063575617, 1.3667049333076409
-4.742244957771245, 2.5265636355578245
8.801607929734711, 2.0737608200664543
-14.004987641998706, 13.98165136021394
11.090098561075234, 27.75241291295201

0.011587654409173023, -0.06620610287839962
0.03825237708406801, -0.42916782591740493
0.6970625338120783, -0.2825595520704091
-0.11088102647700784, -1.0607677505641095
-1.0431821200103526, 1.1495437841959637
-4.610820688047303, 2.7418655304405912
8.753614340642748, 2.2728647079658364
-14.101681506082915, 13.890756566731508
10.98833048929921, 27.7939682857112

0.01147520368317432, -0.06665134100849507
-0.07992004730140208, 0.3129459629821424
0.570202581309747, 0.38696746853510744
0.4705785935360808, -0.9462467427287157
-1.3626724421468543, 0.8277429339647677
-4.468879606862213, 2.9507785263271726
8.70137245384127, 2.4708325367199864
-14.197724465185983, 13.799217980589047
10.88641500730515, 27.835149621364632

0.011355878766698474, -0.06708931241980431
-0.38110980997602073, -0.28785683622667946
-0.05446623482005055, 0.6539522083229592
0.8872237190235505, -0.5180172367402475
-1.570669026561295, 0.43304234170878253
-4.316706404006506, 3.1528003641827764
8.644912076798304, 2.66756926276977
-14.293112514299747, 13.707040255466245
10.784353501224874, 27.875956413074405

0.011228872445218877, -0.06751888785890583
0.3153165760175817, -0.01642060890294495
-0.6234126387811916, 0.2891840223816461
0.9844628143748915, 0.07408715660128065
-1.6546341845954688, -0.0010107449502293204
-4.154608791686992, 3.347438847916994
8.584265346085767, 2.8629807606299624
-14.387841682771892, 13.61422806918141
10.682147358675454, 27.916388158911175

0.01109379718207325, -0.06793956583996133
-0.41529381997903814, 0.10054194237951737
-0.644689256981432, -0.38447364681579843
0.7253516959178958, 0.6145118755757625
-1.609798559177399, -0.44021060307767146
-3.982917421099985, 3.5342127938059154
8.519466691152138, 3.0569738887562865
-14.481908034941517, 13.520786123347508
10.57979796875999, 27.956444361842316

0.010950216375588297, -0.06835164352966645
-2.872841203567606e-05, -0.4398028914087438
-0.10025788720977584, -0.7841506293836095
0.20746307121637256, 0.9087414607792172
-1.438737477799199, -0.8502967364214306
-3.8019857683482496, 3.7126530156282325
8.450552796684926, 3.2494565537449986
-14.57530767069208, 13.426719142905172
10.477306722066771, 27.996124529724682

0.010799333365938857, -0.06875556250822958
-0.04382903561223815, 0.31025482166372337
0.5395691931777019, -0.5573013426654365
-0.38074737907586537, 0.85860095987161
-1.1515868733021666, -1.1974833581101796
-3.6121899852781163, 3.8823033338871875
8.377562562347466, 3.440337771895358
-14.668036725917808, 13.33203187550288
10.374675010675553, 28.03542817530937

0.01064227352582056, -0.06915005667132272
-0.3992359452877936, -0.2642360633775955
0.7084910271857018, 0.10279819129833749
-0.8355698675024262, 0.4901453415753442
-0.7668553279845723, -1.449377012921285
-3.413928726795723, 4.042721622451946
8.300537059186437, 3.629527728906598
-14.760091372935396, 13.236729090799066
10.271904228172016, 28.07435481624468

0.010479126886383297, -0.06953400639392192
0.317941657453573, -0.06348575643501152
0.25439938891182073, 0.609884059257169
-1.006765923824844, -0.0664042461363693
-0.3126147600246244, -1.576791700362838
-3.207622936922525, 4.193480901595789
8.219519484298077, 3.8169378384565835
-14.851467820772154, 13.140815579732141
10.16899576965835, 28.112903975074527

0.010309572785677562, -0.06990634080264398
-0.4012256018183398, 0.12537424954318638
-0.4167345918039995, 0.5179024380807558
-0.8394161355519185, -0.623985500537813
0.17248604854566107, -1.55700123899994
-2.993715575820046, 4.334170459890123
8.13455511457308, 4.002480798597976
-14.942162315280703, 13.04429615371944
10.065951031761353, 28.151075179248334

0.010132363901609253, -0.07026731716504603
-0.03841950795290635, -0.44642728525638714
-0.718387196118291, -0.0852930180514277
-0.38730855261396796, -0.9952383782097787
0.6395064607513586, -1.378763597666617
-2.772671299516915, 4.464397000643891
8.045691257889482, 4.1860706452281935
-15.032171139133931, 12.947175643807805
9.962771412647845, 28.18886796114162

0.009948018407593016, -0.07061857486695772
-0.00741824818170104, 0.3042706325536849
-0.3922862178939564, -0.6754960335867832
0.20017603003972514, -1.0490696743140446
1.0325396241805855, -1.0486213438033831
-2.5449760873889886, 4.583785829231832
7.952977202054229, 4.367622803615644
-15.121490611718047, 12.849458899850442
9.85945831204139, 28.226281858077474

0.009758336526894507, -0.07096064700433757
-0.415243385784933, -0.23926787039781353
0.28187708138558537, -0.7393966221072238
0.7195798521101633, -0.7581387551916571
1.296737133352283, -0.5962578379370687
-2.3111368016164286, 4.6919820685155536
7.856464162341926, 4.547054137521044
-15.210117088901303, 12.751150789711756
9.756013131237859, 28.26331641235584

0.009565570521435708, -0.07129336535770066
0.31488308704233414, -0.11038029536678884
0.7140225281923439, -0.21360574072536068
0.9818618954582695, -0.2193447062122932
1.3906563378911283, -0.07485463395229056
-2.0716806805203243, 4.788651905335502
7.7562052267789445, 4.7242829953761145
-15.298046962729485, 12.652256198522394
9.652437273124518, 28.299971171289407

0.00937190228787035, -0.07161458204324242
-0.38504495181607756, 0.14936471372500906
0.5172388137393378, 0.43885215876108313
0.8881489954729512, 0.3734941899647854
1.2985479265349673, 0.4470291662858546
-1.827154750579645, 4.873483864418164
7.6522552992126185, 4.899229254179442
-15.385276661058812, 12.552780028034611
9.548732142195027, 28.336245687238677

0.009176906680091173, -0.07192174748677937
-0.07645887269186313, -0.4491824891233545
-0.1316881768594026, 0.6388554915816985
0.4739200744456688, 0.8045651635479746
1.035705957094619, 0.9006937954255565
-1.5781251520580084, 4.946190093764583
7.5446710415774065, 5.071814361275815
-15.471802647098823, 12.45272719604649
9.444899144556796, 28.372139517656606

0.008979446856212912, -0.07221406929493196
0.029028227771876008, 0.29485499290440875
-0.6593297652456299, 0.2171511338434548
-0.10719118032528079, 0.922950844795695
0.643305312809084, 1.2326137254354694
-1.3251763840641546, 5.006507663985236
7.433510814985573, 5.241961372251227
-15.55762141892451, 12.352102635870265
9.340939687940491, 28.407652225149743

0.00877838838076715, -0.07249166975415658
-0.4290117167200911, -0.21310665847476984
-0.6105564458885185, -0.4549247769569499
-0.6489564168491028, 0.6954655704120374
0.17616738734633772, 1.4127307965964646
-1.06891045761173, 5.054199891383569
7.318834617802819, 5.409594984737807
-15.642729509028275, 12.250911295899746
9.23685518171116, 28.442783377538863

0.008573547833659753, -0.07275630871935376
0.30629982678471923, -0.1562961154193636
-0.02716471473238586, -0.7956797115087864
-0.9686037679589645, 0.2075028109774033
-0.30965714667504335, 1.4342316911359647
-0.8099459382797306, 5.089057663075993
7.200704021885295, 5.574641569227262
-15.727123483880215, 12.149158139291192
9.132647036868981, 28.477532547917377

0.00836685424024427, -0.07300899048167857
-0.3666846510859336, 0.17242816884132856
0.5856197338165863, -0.5025717640020804
-0.9624908287944203, -0.3741530390706596
-0.765023642216688, 1.30822822715505
-0.5489168825308518, 5.11090075128409
7.079182107924472, 5.737029195810188
-15.8107999434887, 12.04684814370322
9.028316666042219, 28.511899314717997

0.008159845960535145, -0.0732493219463974
-0.11381231674124928, -0.4482090529037176
0.6839552686426699, 0.1719126111725149
-0.6326593690206115, -0.8550887038010367
-1.151102701928147, 1.0574236960323988
-0.2864716652259802, 5.1195791170305
6.954333399339602, 5.896687655578654
-15.893755521005598, 11.943986301101255
8.92386548347511, 28.545883261782308

0.00795383099418147, -0.07347658803451462
0.06523751370188208, 0.2818989533848777
0.17920797939595046, 0.6283630222026495
-0.0863179167599216, -1.070657522272058
-1.439700812645024, 0.711036172678074
-0.023271690889215102, 5.114974193279676
6.826223795192585, 6.05354847639109
-15.975986882363129, 11.840577617622174
8.819294905005863, 28.579483978429806

0.007748979376672393, -0.07368954108411363
-0.44047902142189627, -0.18583367647854288
-0.47825057609609367, 0.4670069250867153
0.4917871981264522, -0.9393594250693975
-1.6122449871378033, 0.3015034318448129
0.24001001239567835, 5.0970001400136145
6.694920503752182, 6.20754493177299
-16.057490725946682, 11.736627113460173
8.714606348037686, 28.612701059532853

0.0075448151998028954, -0.07388864763494467
0.2924189096103563, -0.20041505977030122
-0.715509349425919, -0.1639357025729388
0.8960069068149205, -0.4989918035609041
-1.6585724263965058, -0.13735869308106796
0.5026903265879892, 5.065605065408286
6.560491977368919, 6.358612040749644
-16.13826378235421, 11.632139822793935
8.609801231506848, 28.64553410558662

0.007342364985387185, -0.07407475451590775
-0.34616952733656436, 0.19439121547397178
-0.3296696388356019, -0.7170180392473092
0.976071675495929, 0.0959539436870232
-1.5760941138684414, -0.5712869741550184
0.7640777059815147, 5.020772181734112
6.42300785125659, 6.506686558583675
-16.21830281421244, 11.527120793782647
8.504880975837702, 28.677982722765307

0.007142813223982953, -0.0742481656375414
-0.15012769968020268, -0.44369736092845863
0.3479065450610045, -0.7098463182913195
0.7014889114294613, 0.6288606909527521
-1.369556530045652, -0.9661021964364725
1.0234739547000842, 4.962520893796544
6.282538892232106, 6.65170695842006
-16.297604615991553, 11.421575088568577
8.399847002884233, 28.710046522977258

0.0069480902179429515, -0.07440875257894115
0.10078447823053732, 0.2653068676845398
0.72244088895338, -0.14107757693366305
0.17551720715825408, 0.9083249633381639
-1.0514457979712382, -1.2883035887197791
1.2801761263729234, 4.890907816660751
6.1391569643405255, 6.793613404202848
-16.376166013865316, 11.315507783259513
8.294700735868448, 28.741725123919498

0.006759246620391812, -0.07455468046184624
-0.4495239996656372, -0.1576420917677415
0.4580269332596592, 0.48706889453738483
-0.41084348943341775, 0.8418333319075205
-0.6429478679229325, -1.5061961659686909
1.5334785452569741, 4.806027700273239
5.992935019975043, 6.932347719653793
-16.453983865638936, 11.208923967931876
8.189443599315121, 28.773018149119437

0.006575411252631645, -0.07468504611095125
0.27370044109221137, -0.24200975906495176
-0.20791035710977557, 0.6179830239004788
-0.8550149201438869, 0.461149066515287
-0.1751666694858192, -1.5920759559330653
1.7826749422940438, 4.708014236302706
5.843947126650177, 7.067853365847195
-16.531055060706862, 11.1018287466435
8.084077018979132, 28.803925227963305

0.006395801921708541, -0.074800178419365
-0.3234630108239721, 0.21508441316021135
-0.68844010223652, 0.14394288366980532
-1.0105842357421493, -0.09960781007221087
0.31009823233759326, -1.5259906960943157
2.027060694757815, 4.597040726261774
5.692268535973215, 7.200075448329535
-16.607376520047502, 10.994227237438118
7.978602421770291, 28.834445995715246

0.00621957811418288, -0.07490157834896229
-0.1850885020066197, -0.43586167472653387
-0.5699371289915842, -0.5192590247112171
-0.8277098318533679, -0.6520738292881403
0.7613308732902996, -1.301249890665105
2.265935162702861, 4.473320586295778
5.537975786973059, 7.328960782226408
-16.682945196262327, 10.88612457236769
7.873021235675111, 28.86458009351882

0.006047915046710677, -0.07499183951534209
0.13534412195114023, 0.24498936274216843
0.046195528858677136, -0.7971866951794604
-0.3652028895309826, -1.010325568514178
1.1218760376402865, -0.9307708282206109
2.498604122985994, 4.337107676856842
5.381146813109612, 7.454458042157867
-16.757758073601913, 10.777525897510658
7.7673348896732515, 28.89432716838888

0.0058834117755443794, -0.07507181231205422
-0.4560612221284798, -0.1286612747378538
0.6251366434895004, -0.44098388616585604
0.2238452267357197, -1.04723868613688
1.3394250863949442, -0.4514337266530192
2.7243823203122104, 4.188696440193233
5.221860996433441, 7.576517997820198
-16.831812167998308, 10.668436372938105
7.66154481365934, 28.923686873200563

0.005728207630206036, -0.07514130418492083
0.25063355102096396, -0.28052258511666367
0.6519276456590073, 0.24032443973291961
0.7349510016819863, -0.741174322749083
1.3789857505866858, 0.07782402339452042
2.9425961322620595, 4.028421827256089
5.060199105765953, 7.695093790357321
-16.905104527166248, 10.558861172678613
7.5556524383735075, 28.952658866663047

0.005583953312326621, -0.07519892119649672
-0.2985704040154203, 0.23431244581531752
0.1023130240694393, 0.6412154126571088
0.9817007638240903, -0.19464507014391227
1.233832193963579, 0.586650709779392
3.1525863300040013, 3.8566590324556875
4.896243092145752, 7.810141165080963
-16.977632230724165, 10.448805484711198
7.449659195332059, 28.98124281327567

0.00544999804258737, -0.07524327458474896
-0.21843226039463484, -0.42493396733303035
-0.5342661302336149, 0.4123427230186456
0.8709805053545304, 0.3955060852898298
0.9278410968724025, 1.009419928560701
3.3537109151480657, 3.673823062993144
4.730075781334644, 7.921618578184035
-17.049392390291917, 10.338274510935577
7.343566516760717, 29.009438383280173

0.005325468683517513, -0.07527504512059778
0.1684069124495448, 0.22092324367692068
-0.7044316132501126, -0.23959139467549576
0.444740972299407, 0.8146633518615594
0.5076153648536924, 1.2990419645026001
3.5453479889254185, 3.480368131106665
4.561780550668464, 8.029487148313997
-17.120382149604584, 10.22727346711549
7.23737583553792, 29.037245252609257

0.005210283931186294, -0.07529525394637626
-0.45998947107556704, -0.09910671400622954
-0.26277999617096853, -0.7494391641092593
-0.13914335218668528, 0.9167041892753789
0.029487746161646528, 1.4326242883340452
3.7268986072756043, 3.2767868559123676
4.391441071694907, 8.13371049318515
-17.190598684640804, 10.115807582823273
7.131088585144604, 29.064663102828074

0.005104872571443571, -0.07530558563753133
0.22388960956976423, -0.3154292139100839
0.41079067070631403, -0.6710706891707141
-0.6739373499863283, 0.6744471888672362
-0.4519164547788541, 1.4092832486301143
3.897789594952863, 3.0636092366920256
4.21914115450703, 8.234254524637308
-17.260039203736756, 10.003882101356911
7.024706199622691, 29.09169162107722

0.005011040094194605, -0.0753068104591286
-0.2715043566933498, 0.2518458311125263
0.7235435360216705, -0.06568737262937563
-0.9796291287079735, 0.17816343505900245
-0.8903217888124395, 1.2441576180086509
4.05747627969115, 2.841401375353512
4.04496468132643, 8.331087262648607
-17.32870094773648, 9.89150227963714
6.91823011354659, 29.118330500012902

0.004929349913345318, -0.07529836398079655
-0.24988982088566059, -0.4111643142392196
0.3946731227858147, 0.5311434092273017
-0.9572038992852651, -0.4028240663128189
-1.2500896369405576, 0.9623026969105926
4.205445142226505, 2.610763956454744
3.8689955948512336, 8.424178698079901
-17.396581190168074, 9.778673388133472
6.811661761999188, 29.14457943773817

0.004859541524901187, -0.075280558231146
0.19952600293820086, 0.19313157587210936
-0.28079885634801593, 0.5917044993522509
-0.6138565851535973, -0.8742326991542081
-1.5059822803553695, 0.5941433321602846
4.341216385608497, 2.372330484773743
3.691317909667586, 8.513500707521844
-17.463677237373286, 9.665400710782988
6.70500258054909, 29.170438137740284

0.0048011451543241756, -0.07525405113268087
-0.4612450905945689, -0.06916062684377072
-0.7090211039854052, 0.07052327778785047
-0.06128026861308389, -1.0741889451794064
-1.6420054218610527, 0.1726615888653419
4.464346395313743, 2.126765267237003
3.5120157265821996, 8.59902700854665
-17.529986428618958, 9.551689544856162
6.598254005239345, 29.19590630884095

0.004753778823284801, -0.07522099527456644
0.1940539133888595, -0.34647135418766273
-0.5219546010177066, -0.576688727741496
0.5132900265740271, -0.92619927910355
-1.6502752328868062, -0.26812004952367297
4.574430052428211, 1.8747611614860225
3.3311732389717035, 8.680733140039576
-17.59550613625144, 9.437545200815512
6.4914174725867175, 29.22098366514582

0.004719172482196294, -0.07518347535481344
-0.24231119433482418, 0.2674228763961356
0.12037083334652048, -0.78865279801826
0.9050156596529916, -0.47401671287139335
-1.5303495418911914, -0.6939040712558536
4.67110289465398, 1.6170371118069542
3.1488747278142957, 8.758596457020296
-17.6602337658494, 9.322973002190334
6.384494419582643, 29.245669925995198

0.004699170373673928, -0.07514183864965963
-0.27929379453272596, -0.39483405533034877
0.6590593747927175, -0.3731749753853093
0.9680860719529516, 0.1232838863410952
-1.2891803473723245, -1.0706247591763194
4.754043094398636, 1.354335480289734
2.96520454681868, 8.832596132302804
-17.72416675635751, 9.207978285428526
6.277486283698977, 29.26996481592429

0.004695241505778528, -0.07509569219130048
0.22814546393882312, 0.16168088906461014
0.6139993105252024, 0.30729127660355426
0.6785440414747402, 0.6481898501163437
-0.9416963536944382, -1.3651521534949809
4.82297323344737, 1.0874192002214367
2.780247099293167, 8.902713159482644
-17.78730258023582, 9.092566399746055
6.1703945028982154, 29.293868064625762

0.004707452750389321, -0.07504341282583538
-0.4597736591377389, -0.039089537750474634
0.025760960235497378, 0.6481200523612175
0.14525649200393892, 0.912619332264171
-0.511880168625393, -1.5466750369872162
4.877661868680012, 0.8170687642801937
2.5940868085446445, 8.968930355247135
-17.849638743585363, 8.976742706979609
6.063220515641634, 29.317379406918985

0.004733690299028064, -0.07498488399268663
0.16183855365991257, -0.37342073851829677
-0.5828843121298652, 0.35429903195503526
-0.43847830200550597, 0.829817459669122
-0.03394975046794583, -1.5893003646482364
4.917924843138167, 0.5440790551948262
2.4068080844854385, 9.031232360531677
-17.911172786242368, 8.860512581400265
5.955965760901658, 29.340498582734956

0.004772559570419834, -0.07492181830366754
-0.21107875805823545, 0.2807552226566206
-0.6841252397877134, -0.3115770915695087
-0.8714253061994018, 0.43716383974889317
0.44721533347792886, -1.4763375810538697
4.943626323875932, 0.2692560717975521
2.218495288217941, 9.08960563853756
-17.971902281907653, 8.743881409507553
5.848631678182032, 29.36322533710393

0.004823285374841527, -0.07485643465346313
-0.30642516488796895, -0.3762386680133998
-0.19139385656489186, -0.7727461861904893
-1.0110485145607693, -0.12748001506321555
0.8779101202416119, -1.2062189765672908
4.954679588962481, -0.006586430278519795
2.029232694296707, 9.144038469048487
-18.031824838297954, 8.626854589855872
5.741219707534492, 29.385559420138982

0.004886739460217248, -0.07479147634886085
0.2537310574003127, 0.12679435761791735
0.4708724172102368, -0.624064371681619
-0.8125545357915744, -0.6745591695754612
1.201558036589747, -0.7986491501154227
4.9510475358575885, -0.2826303729792697
1.8391044517095358, 9.194520940980048
-18.090938097247243, 8.50943753287893
5.633731289569504, 29.407500587029183

0.0049648431557127535, -0.07472766189308426
-0.4555455425799823, -0.009094682200461408
0.7184008880622084, 0.011168901386841859
-0.3397503170156421, -1.019666304122004
1.3695495231320542, -0.2975759969429316
4.932742891918026, -0.5580568263937252
1.6481945450295503, 9.241044943137746
-18.14923973478924, 8.39163566067884
5.5261678654698185, 29.429048598044126

0.00505811160289871, -0.07466480319973308
0.1278147094972644, -0.39623978130905596
0.32881354401004415, 0.5699409484888054
0.25062932855989, -1.03974198968975
1.3543474370470756, 0.2332248417794137
4.899828139173837, -0.8320494811746992
1.4565867557642236, 9.283604152485662
-18.206727461253415, 8.273454406812998
5.418530877004294, 29.45020321853961

0.00516653646448772, -0.07460271053007907
-0.1779242432127633, 0.2915637012282171
-0.34865138465970685, 0.559453373099262
0.7532268502080938, -0.718925280473617
1.1584757438108595, 0.7230499828310323
4.852415149106625, -1.1037981048581345
1.2643646237939485, 9.322194020628805
-18.26339902134219, 8.15489921607677
5.310821766538103, 29.47096421896831

0.0052888535834268, -0.07454144520399024
-0.3312355658623726, -0.35566043811058423
-0.71989647074723, -0.0032214282372018525
0.9844557535228187, -0.1653018214723358
0.8136707378482708, 1.1105997680681767
4.790664523776825, -1.3725019371475884
1.0716114096487475, 9.35681175901525
-18.31925219420895, 8.035975544268128
5.203041977044709, 29.491331374896216

0.005424204412465935, -0.0744827509378635
0.27570449108654527, 0.08869655031513131
-0.46628491464107613, -0.6275299999808357
0.857082711322287, 0.4214544492072225
0.37076647431557463, 1.355731228500853
4.714784680635903, -1.6373730060189673
0.8784100575453974, 9.38745632187741
-18.374284793555514, 7.916688857969789
5.095192952115103, 29.511304467013453

0.005573036607412924, -0.0744277814089256
-0.44857541941300927, 0.020540260444639292
0.1952624920929187, -0.7713187816813154
0.419454995245126, 0.8281717280660956
-0.11342635203119664, 1.4425097246717284
4.625030664345673, -1.8976393530181448
0.6848431585111854, 9.414128387854493
-18.428494667686717, 7.7970446343426305
4.987276135957877, 29.53088328114938

0.005735519061510851, -0.07437718414368162
0.09255385291656687, -0.4149726451446277
0.6877808053778818, -0.3012900383153196
-0.1665391432621774, 0.9136291418768817
-0.5862754580191718, 1.375435399586434
4.52170268715238, -2.152548114653751
0.49099291444597565, 9.43683034146421
-18.48187969952469, 7.6770483608775475
4.879292973399934, 29.550067608300573

0.005912080461761222, -0.07433084330885327
-0.143055444158359, 0.29952153944145277
0.5715053546224159, 0.37062175916025863
-0.6938255554261135, 0.6565831447771363
-1.0045386149945041, 1.1731341089361442
4.40514445093285, -2.401368440587627
0.2969411036434039, 9.455566253489405
-18.534437806654285, 7.556705535135601
4.771244909890976, 29.568857244656748

0.006101397318893276, -0.07428785278031763
-0.35359258687865824, -0.33341028188730054
-0.04872995297523855, 0.6476272582227973
-0.9851963743254135, 0.1520901805555043
-1.3357175644005015, 0.8626275205243328
4.27574126089028, -2.6433942514054327
0.10276904720434, 9.470341859593256
-18.58616694137601, 7.436021664511961
4.663133391502547, 29.58725199162023

0.00630126504213672, -0.07424919846628707
0.2935244204447245, 0.047858672272833226
-0.6228558692308569, 0.2920279423258123
-0.9462914655110997, -0.4280474005955933
-1.5574185183177132, 0.4753192807134004
4.1339179318015695, -2.8779467999041546
-0.09144242405909697, 9.481164538126357
-18.63706509072826, 7.315002265998594
4.554959864921394, 29.605251655828344

0.006510406821815014, -0.07421663726898745
-0.4388985448405498, 0.04957632990178141
-0.6540391324361569, -0.3807625469515895
-0.5895017129997991, -0.889770242565543
-1.6561320659508307, 0.04461514424665514
3.980136527985982, -3.104377023179064
-0.2856130016203484, 9.488043287470925
-18.687130276502806, 7.193652865939457
4.446725777442511, 29.622856049179422

0.006728173893121641, -0.07419265957656515
0.056581137162057045, -0.4297090627598076
-0.1154358192104055, -0.7882522561226696
-0.030988257218361657, -1.0741270125559463
-1.626206584346399, -0.39532090781892887
3.8148939510336306, -3.322067677956622
-0.4796629303420566, 9.49098870234236
-18.736360555246346, 7.071978999795226
4.3384325769573255, 29.640064988854753

0.0069560595557736134, -0.07417921323731302
-0.10667922973522433, 0.30436552401581796
0.5281544537538507, -0.5708445729485571
0.5396569406490822, -0.909759909168527
-1.4693504888918163, -0.8102085398780486
3.6387193989200144, -3.530435237965659
-0.6735130388040291, 9.490012949950632
-18.78475401822356, 6.949986211887975
4.230081711939829, 29.656878297348428

0.007195424326439099, -0.07417581027909728
-0.3735148351711195, -0.30973695918078076
0.7076256561375749, 0.08695381115931734
0.9186148165230686, -0.44639546586533646
-1.1947720146618208, -1.1661676598204318
3.4521717410951607, -3.728931555809465
-0.8670847682034039, 9.485129745823741
-18.83230879140085, 6.827680055127139
4.1216746314364805, 29.673295802495506

0.007446336464152307, -0.07418141106996166
0.30669980465905794, 0.004735859567979623
0.26181598156407904, 0.6013616160990377
0.9647008808420263, 0.152450761249835
-0.8199284112692883, -1.4305661138932995
3.25583682173422, -3.9170453062335007
-1.0603002000588861, 9.476354328337427
-18.879023035454527, 6.705066090769295
4.013212785052237, 29.68931733748972

0.007707666922322464, -0.07419452507460891
-0.42659356790256053, 0.07778884790071787
-0.4102478381857858, 0.5200611000674078
0.6604990871783681, 0.6686164541053705
-0.3716923776499245, -1.5736998681916277
3.0503246914882447, -4.094303178911293
-1.253082083379281, 9.463703432441223
-18.9248949457324, 6.582149888192188
3.904697622927965, 29.704942740902357

0.007976589519475061, -0.07421516073089662
0.020263238292608655, -0.44064290722998917
-0.7206695789671718, -0.07812715659529579
0.12034215018860986, 0.91751424998393
0.11256643572135373, -1.5718492633236663
2.8362668250627348, -4.260270825326841
-1.445353861019963, 9.447195263654823
-18.969922752182423, 6.45893702464119
3.7961305957186653, 29.720171856708635

0.008251523249329649, -0.07424504392407665
-0.06910411512373625, 0.30578094754547525
-0.4031764924459415, -0.6729323743320157
-0.4603118723497207, 0.818177316364211
0.5850279847495975, -1.4120960895801864
2.614313342209096, -4.414553588018611
-1.6370396946847472, 9.426849471701551
-19.014104719300967, 6.335433084974415
3.6875131545734057, 29.735004534309574

0.008531844332060098, -0.07428548248563456
-0.390981621273334, -0.28490235813697184
0.27037359282565476, -0.7468579100822789
-0.8816859618873573, 0.41357034962698047
0.9902835359343167, -1.0985501816166936
2.3851302397206244, -4.55679700724519
-1.8280644890111468, 9.402687123587528
-19.057439146069388, 6.2116436614222765
3.578846751111753, 29.749440628550882

0.008817718468306528, -0.07433773683265153
0.31482216722022055, -0.039968577130267136
0.7110119148035018, -0.22752186071046512
-1.0052430083421862, -0.15478280662124913
1.2727655943408742, -0.6580027258980498
2.1493966613499693, -4.686687112729487
-2.0183539145265805, 9.37473067658372
-19.099924365880074, 6.0875743533367475
3.4701328374002065, 29.763479999741573

0.009109734396854835, -0.0744013564344474
-0.41176179976372745, 0.10493601223223518
0.5247688631427898, 0.4281369755521946
-0.791304134598514, -0.6962958004533515
1.388737735715507, -0.14110290668900627
1.907802218270281, -4.80395051741754
-2.2078344293976873, 9.343003950509704
-19.141558746483103, 5.963230766959291
3.361372865927043, 29.77712251366582

0.009406583197997555, -0.07447557368121667
-0.015983747362346087, -0.4479232032744736
-0.12057244962725745, 0.6382975508247214
-0.30861411982944525, -1.0282558347829416
1.3189447182035552, 0.38470504892001434
1.6610443733505598, -4.908354307163668
-2.396433300476661, 9.307532099418125
-19.182340689898876, 5.838618515213505
3.2525682895706005, 29.79036804159343

0.009706906891529107, -0.07456081085886893
-0.030690049320863624, 0.30354383662323875
-0.6541159881689005, 0.2248456283246918
0.28258901734596864, -1.0317691048323911
1.07508386262312, 0.8498640620778053
1.409825921687051, -4.999705754314459
-2.584078623755181, 9.26834158368942
-19.222268632283157, 5.713743217473036
3.143720561567629, 29.80321646029849

0.01000948081981525, -0.0746576924847252
-0.4060293867467658, -0.2591429252886531
-0.6150423243839344, -0.44772478507543323
0.7762238839526354, -0.6967535746887048
0.6958309342955978, 1.1984497839324213
1.1548525669077614, -5.077851883734484
-2.770699343437132, 9.225460142539717
-19.26134104381955, 5.588610499312245
3.034831135487544, 29.815667652074623

0.01031397431867417, -0.07476775041837433
0.31762064168705817, -0.08558282985589372
-0.03642807853643625, -0.7971374656923009
0.9916642314773414, -0.13677756651527187
0.23508867879968143, 1.3974979924777007
0.8968305896379319, -5.1426788873371985
-2.956225269642971, 9.178916765676913
-19.299556428638404, 5.4632259922937925
2.9259014652032467, 29.827721504739284

0.010621567111361132, -0.07489109929391267
-0.39450587948007815, 0.13083177257965936
0.5812289495190407, -0.5133360997209768
0.8476281677023567, 0.4458297815759026
-0.25072392755201445, 1.437663759647586
0.6364646304150869, -5.194111390575651
-3.1405870955242685, 9.128741664708167
-19.336913324696475, 5.337595333771478
2.81693300485726, 29.83937791163952

0.010932317612543624, -0.07502641486249906
-0.05191042907994479, -0.4517814445960293
0.6904281190870499, 0.15963836421150174
0.39882577564946375, 0.839513014330793
-0.7113998220722154, 1.3282696264291045
0.374455598632372, -5.232111608889049
-3.323716413411206, 9.07496624486903
-19.37341030364526, 5.211724166681916
2.707927208829357, 29.8506367716589

0.011245493900558744, -0.07517219509144507
0.00821961000527038, 0.297407696842913
0.19323068143980862, 0.6238811528818182
-0.1889456242905151, 0.9080578612844133
-1.1068381297273664, 1.0909366389019342
0.11149869940229094, -5.256678399871227
-3.505545729876085, 9.017623076505105
-19.409045970705066, 5.085618139353674
2.5988855317028303, 29.861497989219906

0.01155873479612227, -0.07532695078223046
-0.41870539841485427, -0.2326346199105227
-0.46616111072965255, 0.4726040009571936
-0.7084288858039602, 0.6361920547447538
-1.4076259955266082, 0.7543098416979628
-0.15171841127867147, -5.2678462277173494
-3.686008480188354, 8.956745866611435
-19.443818964509045, 4.959282905320162
2.4898094282295387, 29.87196147428967

0.011869162131144395, -0.07549159499184692
0.3149575666901099, -0.13129073129544802
-0.7124687219168249, -0.15466398484884103
-0.9853888985365477, 0.12367824610801724
-1.5941105849219739, 0.35056140666815705
-0.4145173505858813, -5.265684055713895
-3.865039041858977, 8.892369431137851
-19.477727956954883, 4.832724123118187
2.380700353299947, 29.882027142384292

0.012175759390624406, -0.07566783348112138
-0.37495409603283036, 0.15528966869864488
-0.3346009308567652, -0.7135035833763593
-0.9302043978342748, -0.4553749719791006
-1.6551784944266408, -0.08659583844907329
-0.6762306088734129, -5.250294166112832
-4.0425727465500465, 8.824529667001821
-19.510771653097684, 4.705947456117675
2.2715597619118326, 29.891694914560755

0.012478329511867038, -0.07585715532939992
-0.08722601191009556, -0.45237307007131894
0.3434227586328359, -0.7167278172761162
-0.5604206378417855, -0.9072929904705251
-1.5873612876742018, -0.5229183073484504
-0.936203017221314, -5.221810927411638
-4.21854589130674, 8.753263523310041
-19.542948791009334, 4.578958572391951
2.1623891091314933, 29.900964717410073

0.012778248833034005, -0.07606029074208917
0.047118072577292384, 0.2872388050871342
0.7271528133653852, -0.15388798398000264
0.0034295176877677438, -1.0761381859863355
-1.3945213364395754, -0.9241867145577117
-1.1937930921327926, -5.180399536263533
-4.392895749570988, 8.678608973312752
-19.57425814159107, 4.451763144570463
2.0531898500572985, 29.90983648305777

0.013076398716059872, -0.07627562994238223
-0.4290637925695431, -0.20555782798319508
0.4729398695091202, 0.4782241337400963
0.5695037755140584, -0.8957411294821088
-1.0881842498757361, -1.2567698694230578
-1.448374269719493, -5.126254731281607
-4.565560581131551, 8.600604987072828
-19.60469850841426, 4.324366849686112
1.9439634397883228, 29.918310149160938

0.01337193124474928, -0.07650173370830733
0.306850797917414, -0.1762853703124565
-0.19051449212326826, 0.6192549635426207
0.9351576297362486, -0.4217922852284775
-0.6884467585611621, -1.4886625591958513
-1.6993360249963965, -5.0595994823287755
-4.736479640920638, 8.519291503993603
-19.63426872757851, 4.196775369054435
1.8347113333909204, 29.926385658898308

0.013663680930005962, -0.07673756208647738
-0.35325364510649104, 0.1781331909974125
-0.677775957542328, 0.15241920718827742
0.9640042256232874, 0.1778940064069163
-0.22519257266419532, -1.5915180620746674
-1.9460848790318757, -4.980683670440151
-4.9055931872198775, 8.434709405469562
-19.66296766755467, 4.068994388166967
1.725434985864896, 29.93406296096217

0.013949719021406933, -0.07698300114512997
-0.12175101140925008, -0.4499347255831369
-0.568893576469523, -0.5126318420531878
0.6452087721342031, 0.6847273482980115
0.2610259408916608, -1.5442056434026734
-2.1880453008711096, -4.889782768362036
-5.072842489003282, 8.346900488108416
-19.690794229046606, 3.9410295965965823
1.616135852111901, 29.941342009545533

0.01422953378082005, -0.07723903434822557
0.08558734529394818, 0.2728555953567105
0.0433259130910594, -0.8000460978608759
0.09843879353596517, 0.9177861737025041
0.7196766988170578, -1.3381365805552703
-2.4246605104995984, -4.787196529817569
-5.238169832137702, 8.255907436659383
-19.71774734485671, 3.812886687941825
1.5068153868992622, 29.948222764325834

0.014503438819363914, -0.07750534748999241
-0.4371494688407985, -0.17806380951726775
0.62805010541825, -0.45296830317121534
-0.4789072559074989, 0.8019248464954902
1.094311037095012, -0.983617123677832
-2.65539319435711, -4.673247697109221
-5.401518525418819, 8.161773797079565
-19.743825979713503, 3.6845713597770224
1.3974750448241042, 29.954705190457258

0.014771290051696329, -0.07778128480386345
0.29348789709003853, -0.21984177307640732
0.6657278305985308, 0.22764720280536746
-0.8886747033899621, 0.38558578477896654
1.3314708025688262, -0.5146449931515347
-2.879726137214494, -4.5482807171777315
-5.56283290617754, 8.064543950760106
-19.769029130129752, 3.556089313590884
1.2881162802854322, 29.9607892585613

0.015032721281074106, -0.07806545496273631
-0.3295140743648249, 0.19921828463223878
0.12267794640776954, 0.6367129997014294
-0.9963631558247972, -0.18619355640451407
1.3934557337153446, 0.012057037067942694
-3.097162764983034, -4.4126604778798315
-5.722058344534542, 7.96426308907888
-19.793355824320457, 3.427446254767238
1.1787405474555523, 29.96647494470455

0.01528562015761391, -0.07835693017303691
-0.1552735921011039, -0.44461506864678396
-0.5169781250224945, 0.4172926941010892
-0.7673799446611546, -0.7218864101369697
1.269877591566548, 0.5266955013522779
-3.3072276165125736, -4.266771078817761
-5.8791412466949655, 7.86097718749089
-19.81680512211359, 3.29864789261049
1.0693493002455305, 29.97176223037774

0.015528504747323235, -0.07865674688109368
0.12305641859881594, 0.2542359024932326
-0.6966541903949771, -0.23225766714684223
-0.2753971918970287, -1.040533427870718
0.9812300009531901, 0.9622626057304076
-3.5094667513466513, -4.11101463213758
-6.034029058111895, 7.754732979966745
-19.839376114854772, 3.1696999403769355
0.9599439922734062, 29.976651102480588

0.015761205516237338, -0.07896581979246785
-0.4430124416035851, -0.1502718368377891
-0.26249085241747105, -0.7490174245819434
0.3158788540422665, -1.0275086134905949
0.5720548070652336, 1.2690178273318056
-3.7034480983709535, -3.9458100937248086
-6.186670265963222, 7.645577934140929
-19.86106792535257, 3.0406081153205164
0.8505260768351831, 29.981141553302624

0.015984479389128375, -0.07928509048220136
0.27520247062113024, -0.26116889653688286
0.4124716871287113, -0.6812730030241955
0.7998077996084245, -0.678601092617489
0.09818650806617174, 1.4212043992577377
-3.888761749911439, -3.7715921246560167
-6.3370144008383775, 7.533560226486371
-19.881879707847443, 2.9113781387650466
0.7410970068746866, 29.985233580504218

0.016200338948781316, -0.0796137077678184
-0.3038966420213471, 0.21840456379958612
0.7347906013890158, -0.08110594234852127
0.998955645368275, -0.11280537593801425
-0.38511162400567844, 1.4156062608492619
-4.065020201805557, -3.5888099827896762
-6.485012038120882, 7.418728718051405
-19.901810648015623, 2.7820157361776556
0.6316582349578084, 29.98892718709901

0.01640900967843844, -0.07994904695321332
-0.18765713974387843, -0.43660809151539665
0.4154179621098836, 0.5203913842987125
0.8381058937144549, 0.4651064051337781
-0.8303867067306215, 1.265793696115004
-4.231858545303038, -3.3979264546380095
-6.630614798450836, 7.3011329307625195
-19.92085996305408, 2.6525266372663125
0.5222112132489203, 29.99222238142759

0.016609330998207737, -0.08028915140541715
0.1589982854945937, 0.23133780377937857
-0.2588094641184136, 0.5909546998465317
0.37825299718110705, 0.845415368157426
-1.2007148432154802, 0.9959126627887996
-4.388934630193978, -3.1994168282377236
-6.773775347055412, 7.180823023489428
-19.9390269018016, 2.5229165761183308
0.41275739348159945, 29.99511917712888

0.016799210966672605, -0.08063266451643537
-0.446699460432505, -0.12230391585856426
-0.6947208662105312, 0.07600932314447438
-0.2110931466683315, 0.8970019915184636
-1.4696727035930641, 0.6359250506611098
-4.535929196356351, -2.9937678930909954
-6.9144473927252905, 7.057849768028861
-19.956310744865792, 2.3931912913311226
0.3032982269300991, 29.997617593121646

0.01697643311098532, -0.0809804101065987
0.25241082604386034, -0.29973884083510793
-0.517365579100014, -0.5743559733543527
-0.7226611360260932, 0.6105128977274622
-1.6202304182023002, 0.21860788982125975
-4.672545968316984, -2.781476970201392
-7.052585686553413, 6.932264525909373
-19.972710804826352, 2.2633565261148845
0.19383516438901244, 29.999717653584835

0.017140998397446282, -0.08133371311266954
-0.27650458851969584, 0.23554524144995692
0.12179890732996944, -0.7965359567256932
-0.9852661739863772, 0.09033213614976675
-1.6435863010376521, -0.22208724668981403
-4.798511725763821, -2.5630509809253
-7.188146019472427, 6.804119225595175
-19.98822642653284, 2.1334180284017985
0.08436965615277889, 30.001419387929122

0.017293460561329646, -0.08169281180722926
-0.21876002284094517, -0.4260606437453446
0.6669757597042744, -0.389815309705934
-0.9140664092796027, -0.48718958643832444
-1.5384309059040304, -0.6518614866905751
-4.913576357439506, -2.339005546153866
-7.321085218745138, 6.6734663395877565
-20.002856987445174, 2.003381550944919
-0.025096848006684623, 30.00272283077024

0.017434889038850765, -0.08205735670280322
0.1928176621373817, 0.20425327716368327
0.6325509652566963, 0.29085810968490244
-0.5318136268538266, -0.9288652989506222
-1.3108243582418035, -1.0365833331183532
-5.017512896563208, -2.109864116899809
-7.451361143514833, 6.540358861832792
-20.01660189803842, 1.8732528513784188
-0.1345628988594857, 30.003628021902927

0.017565613901725403, -0.08242547564135666
-0.4482460712241226, -0.094263614553657
0.04971054448506701, 0.6402771009126917
0.036620870918279196, -1.081944201515292
-0.97470792829924, -1.3429479917029996
-5.110117551876307, -1.8761571316159562
-7.5789326789867175, 6.4048502852454305
-20.029460602265555, 1.7430376922488817
-0.24402704773774306, 30.004135006272612

0.01768437857650834, -0.08279628630736205
0.2256523495611793, -0.3349614222030302
-0.5633002034335701, 0.35534232794090787
0.5973432034525595, -0.8855734531134992
-0.5529340503905006, -1.539757190904044
-5.1912097212759445, -1.6384211900251633
-7.7037597293401365, 6.266994579327287
-20.04143257803198, 1.6127418409849132
-0.3534878465555366, 30.00424383395311

0.01779074229384635, -0.08316986182479454
-0.24751317901300904, 0.25050693885151815
-0.6746010341421188, -0.30937770975630263
0.9491273326529085, -0.4013587998710064
-0.07846716992244104, -1.6003493733700453
-5.2606319895712925, -1.3971982554121694
-7.825803209535793, 6.126846168619474
-20.052517337713706, 1.482371069769069
-0.46294384782124776, 30.003954560126402

0.017884472719716927, -0.08354625104471167
-0.24843661934636627, -0.4131503993707502
-0.188913340065187, -0.7784207440520886
0.9604934447539961, 0.19877225770678983
0.4050367684181246, -1.5066700875194725
-5.318250130688142, -1.1530348852215107
-7.945025034991042, 5.984459912418428
-20.06271442874532, 1.3519311553415911
-0.5723936046476452, 30.003267245052104

0.017966507318100775, -0.0839257113143189
0.22391589595797803, 0.17314002510509519
0.4755164635640547, -0.6403227940351656
0.6271413267759243, 0.6959902569927325
0.8447037067834493, -1.2550333663485702
-5.363953115033422, -0.9064814734485145
-8.06138810838148, 5.839891085260452
-20.072023434191863, 1.221427878750608
-0.6818356707670201, 30.002181954036875

0.018038098669391364, -0.08430656864886177
-0.44767550386006827, -0.0662415126048252
0.732736331261594, -0.009441497886216758
0.07394607642152752, 0.9131451935311853
1.1838287342796177, -0.8623764113187102
-5.397653106289025, -0.6580915049552272
-8.174856304203301, 5.693195359132738
-20.080443973258454, 1.0908670249987142
-0.7912686005441477, 30.00069875741337

0.01809875080512036, -0.08468684429672199
0.19548081672726847, -0.36650879154573074
0.35173604871930086, 0.5548118554272142
-0.4998827965462787, 0.7809339959501883
1.372185949502259, -0.36982916541893907
-5.419285460448228, -0.4084208273225084
-8.285394450853687, 5.544428789094461
-20.087975701772795, 0.9602543825881044
-0.9006909489838162, 29.99881773051808

0.018147391326781698, -0.0850651086825133
-0.2170090631597731, 0.26316176961473653
-0.32592168864365595, 0.5542529032657526
-0.8979193593205994, 0.35325860859338104
1.3791351148823423, 0.16067069246950472
-5.428808728113165, -0.15802693131447226
-8.392968310004644, 5.393647803609865
-20.094618312601717, 0.8295957429953297
-1.0101012717377342, 29.996538953668082

0.01818191265937128, -0.08544091917527434
-0.2766058581089178, -0.3980020003223982
-0.7058029456187325, -0.0031868840009859137
-0.9898058913376583, -0.22137589347296985
1.2034628373362186, 0.6584050803724384
-5.426204656110906, 0.09253175792430943
-8.497544554407224, 5.240909201834728
-20.100371535966616, 0.6988969000678905
-1.1194981251086875, 29.993862512141217

0.01820137496719804, -0.0858159188925881
0.25170331283468106, 0.1382378027024804
-0.46181135591744077, -0.6317160035186903
-0.7461222505040136, -0.7506215433552355
0.8738227156259658, 1.0602052877156143
-5.41147820036154, 0.3426965808359834
-8.5990907459443, 5.08627016109245
-20.105235139681884, 0.56816364936574
-1.2288800660512924, 29.990788496152277

0.018206828241724787, -0.08619113390537074
-0.4450052208813951, -0.03831949618854311
0.19726833755621168, -0.7859854320078875
-0.2454424464722148, -1.055469772242428
0.4394662305516448, 1.3230833304488827
-5.384657542465985, 0.5919093497796398
-8.697575316751609, 4.929788256946662
-20.109208929275002, 0.43740178750388037
-1.3382456521767712, 29.987317000829474

0.018199783601114957, -0.08656681040259377
0.1624709220697519, -0.3940630128930663
0.6967127448607051, -0.32404916242417925
0.3452252786322537, -1.025712329377997
-0.04288631625997349, 1.428323395734484
-5.345794088965483, 0.8396130512402538
-8.792967560184659, 4.771521497649522
-20.112292747924, 0.306617111482374
-1.4475934417565455, 29.983448126203236

0.01818237486093946, -0.0869416390161304
-0.18519868850811816, 0.2733643783715515
0.5906222308633459, 0.34913254726626375
0.818883762280111, -0.6630074089673581
-0.5197386200975638, 1.3783071383995174
-5.294962474955519, 1.0852525398030433
-8.885237640860597, 4.611528373735318
-20.114486476283915, 0.17581541799537898
-1.5569219937172876, 29.97918197719771

0.018154765006245917, -0.08731288744102497
-0.3031329559571363, -0.3807788102808145
-0.025540868640189767, 0.6352664098548519
1.0014292132240419, -0.09165812852637964
-0.9465996154278608, 1.1903071526897113
-5.232260569688401, 1.3282752445883286
-8.974356632625145, 4.449867917705163
-20.115790032245062, 0.04500250278861317
-1.6662298676343723, 29.9745186636158

0.018115842367014332, -0.08767923995618905
0.2755565793592685, 0.09994884125481374
-0.6053467723664048, 0.28803898631454045
0.8237660512131013, 0.48128007026138164
-1.289698323245898, 0.8905965477581849
-5.157809465712925, 1.568131891560216
-9.0602965915904, 4.286599760773818
-20.116203370578738, -0.08581583990432254
-1.7755156237283214, 29.969458300128558

0.018064629004440447, -0.08804004768892137
-0.44024429217482, -0.010620740054008995
-0.6470078592980676, -0.3846338488966545
0.35312158210673855, 0.8480995988248204
-1.5254971484776945, 0.5102204905381903
-5.071753454447212, 1.8042772436152872
-9.143030664428313, 4.1217841673084
-20.115726482487066, -0.21663381786301802
-1.884777822858636, 29.964001006271186

0.018000238197376974, -0.08839591989991455
0.12725232608657042, -0.4174690048591414
-0.11496662627934982, -0.80060519681349
-0.23743346461645407, 0.8829004823560112
-1.6394917652960004, 0.08244461938140414
-4.974259995397093, 2.036170873799982
-9.222533217876201, 3.955482026029337
-20.114359395110736, -0.34744564129809313
-1.9940150265170982, 29.95814690644018

0.01792369935170819, -0.08874749472089198
-0.15216355351790586, 0.2809833754114966
0.531478368580153, -0.593423502271867
-0.740801951718893, 0.5822526818405779
-1.6251377529579625, -0.35860060167171653
-4.865519673481828, 2.2632779732355033
-9.298779961113429, 3.7877547841329626
-20.112102170980652, -0.47824552317173796
-2.1032257968223544, 29.951896129899428

0.017835948021831773, -0.08909378741765475
-0.3279253151920077, -0.36159322142057426
0.7206674336587117, 0.061170366327002026
-0.988989569594735, 0.05505478740993289
-1.483282362832768, -0.7786134899274325
-4.745746167296016, 2.4850701903918444
-9.371748028781703, 3.618664329038895
-20.108954907446826, -0.6090276794596701
-2.2124086965087955, 29.9452488107933

0.017737267933496215, -0.08943384107478422
0.2949805899656884, 0.058711712880275144
0.28240647181780076, 0.5820491400929146
-0.9019806170465493, -0.5202651468981156
-1.2222270221278475, -1.1436311394062177
-4.6151762332599295, 2.7010265126359547
-9.441416001011948, 3.448272842744086
-20.104917736169032, -0.739786329336419
-2.321562288913939, 29.93820508815438

0.017627387001470003, -0.08976639685957924
-0.4333850008860687, 0.016817306074133377
-0.39126636576937907, 0.5106598819734081
-0.5076705639246479, -0.9511667107503847
-0.8584068111590732, -1.4208126085098627
-4.474069682199494, 2.91063417236794
-9.507763857169994, 3.276642661978664
-20.099990822635412, -0.870515695251544
-2.4306851379735233, 29.93076510591522

0.017505090501155722, -0.0900916302455793
0.09033135148508466, -0.43662864336092794
-0.7111107248629144, -0.08310438281636366
0.0648517080776775, -1.0881736341773354
-0.4175213265964859, -1.5799912911824023
-4.32270935217458, 3.1133895580263453
-9.570772882565132, 3.1038361712287372
-20.09417436567016, -1.001210002944825
-2.539775808218081, 29.92292901293578

0.01737092299616991, -0.09041079090881927
-0.1181177640128657, 0.28587032819748265
-0.40307006510276217, -0.6828978473614401
0.6197497121620522, -0.8757654409432695
0.06433567564628725, -1.5965384271980636
-4.161401080773947, 3.308799145342548
-9.63042555772658, 2.929915740965306
-20.0874685969987, -1.1318634814407564
-2.64883286476536, 29.914696963034746

0.017226337439003148, -0.09072409636124912
-0.3508925054937095, -0.3405766685659468
0.2687727059777398, -0.7673123871125305
0.9573278216418701, -0.3814460260349037
0.5405172152934852, -1.4559599019723906
-3.990473647532543, 3.496380451743586
-9.686705454775433, 2.7549437075546472
-20.079873780899497, -1.2624703629983538
-2.7578548733164756, 29.906069115021264

0.017073349078895933, -0.09103117272283776
0.30944076304190393, 0.015181702883801362
0.7168308130345175, -0.25506853716579486
0.951145907776885, 0.21883699210145688
0.9562504793056036, -1.1600108850973911
-3.810278683163594, 3.6756630100181376
-9.739597155244732, 2.5789823815829007
-20.071390213902518, -1.3930248830286913
-2.8668404001556778, 29.897045632734212

0.01691368372142428, -0.09132961559863904
-0.4244370423717043, 0.04384186568091899
0.5401979836347397, 0.4031634206951054
0.6034917030829626, 0.7062158440591958
1.2554568614694424, -0.7325880418515409
-3.6211905420664268, 3.846189375021083
-9.78908619408538, 2.4020940709745457
-20.062018224562774, -1.5235212800069031
-2.975788012151605, 29.887626685082946

0.01674651986739739, -0.09161702043685101
0.05230723664997964, -0.45153271004176226
-0.10239754951705217, 0.6229654866655207
0.044329913599051494, 0.9075058315718757
1.392298657355621, -0.22167906628120995
-3.423606126247555, 4.007516159844084
-9.835159026594944, 2.2243411084082694
-20.051758173306272, -1.6539537953574963
-3.084696276767009, 29.87781244608887

0.01657056919524735, -0.09189261902553071
-0.08322347967084032, 0.287863434555817
-0.6426709803941958, 0.21745206926466065
-0.525533130383766, 0.759301153715886
1.3440830265991555, 0.3066190083386487
-3.2179446666123703, 4.15921509976569
-9.877803012418106, 2.045785876054209
-20.04061045228945, -1.7843166733312976
-3.1935637620764186, 29.867603094939486

0.016384444640468582, -0.092156639150592
-0.3719021082604736, -0.3178832347030622
-0.6143043608338908, -0.45576616421886124
-0.9115622366530046, 0.32087670453567163
1.1188141759156165, 0.7821170941527943
-3.0046474665158196, 4.300874161026836
-9.91700641179078, 1.8664908245937155
-20.02857548529942, -1.9146041609210354
-3.3023890367824054, 29.85699881604724

0.016188066419200543, -0.09241095766760138
0.31862933734459536, -0.029999240706345475
-0.04166153531011821, -0.8140713960128148
-0.9876026216297544, -0.2559468661461564
0.7524730343681537, 1.1465995294936602
-2.784177582083666, 4.432098692149765
-9.952758389659953, 1.6865184865565117
-20.01565372775122, -2.0448105077960537
-3.411170670236502, 29.845999799098482

0.01598341630392565, -0.09265639988208063
-0.41334821556915596, 0.07039215496432519
0.5797237185981444, -0.5399411362111098
-0.7293892162738829, -0.7781466681932896
0.29786032558448244, 1.364171674709854
-2.557019438007592, 4.552512594898027
-9.985049023191932, 1.5059314843789016
-20.00184566672561, -2.174929966221112
-3.5199072324733276, 29.83460623910327

0.01577212744399133, -0.09289252074572174
0.013640779073098424, -0.4622265553424972
0.6987666889208872, 0.1311923850061933
-0.22034980817728572, -1.068758900389522
-0.1883377752334487, 1.422866734134954
-2.323678389518943, 4.661759528114871
-10.013869310653556, 1.324792533482699
-19.987151821008734, -2.304956790994564
-3.62859729425107, 29.822818336449885

0.01555573001397354, -0.09311819541895353
-0.04765691068162957, 0.28682656156049097
0.20817494719247145, 0.602985925466015
0.36928084712771136, -1.0220692446086204
-0.6548716544522492, 1.330130065544583
-2.084680215081323, 4.759504146383478
-10.03921118092453, 1.1431644416269813
-19.971572741169847, -2.4348852394148364
-3.737239427096245, 29.81063629695494

0.015334244457776128, -0.09333168054267284
-0.39088452543432595, -0.2936107175126507
-0.45403692375918486, 0.46170865184394916
0.8322966471248635, -0.6456610394078809
-1.0603463765135743, 1.106443913364106
-1.8405705323280304, 4.845433362731201
-10.0610675026038, 0.9611101054948963
-19.95510900965849, -2.564709571258944
-3.8458322033570282, 29.7980603319093

0.015107073817911128, -0.0935330117017244
0.3222566339351842, -0.07600858495574023
-0.7103687269656255, -0.1617851651441354
0.9981238683678106, -0.06907126825868998
-1.3741028998065599, 0.7798527356699012
-1.5919141340901444, 4.919257637550922
-10.079432092496699, 0.7786925050209716
-19.93776124090916, -2.694424048794125
-3.95437419625994, 29.78509065812202

0.014874831965113487, -0.09372252258486488
-0.40012119783297784, 0.09632221097721844
-0.3415963477916032, -0.726271518315331
0.803876759116117, 0.49859419162989543
-1.5753967559046282, 0.38225376507490794
-1.339294228242365, 4.9807122814021705
-10.094299723858818, 0.5959746962805043
-19.919530081499623, -2.8240229368201533
-4.062863979968537, 29.771727497948703

0.014638221922271301, -0.0939004876176084
-0.025155990607906503, -0.46880625558409034
0.335707384317599, -0.7398329899086031
0.3229085301492683, 0.8518533702273379
-1.6521671314445818, -0.05274522305829431
-1.0833115868094623, 5.029558756336187
-10.105666133687818, 0.4130198037127441
-19.9004162103362, -2.9535005026989145
-4.171300129652868, 29.757971079308078

0.014398997872759722, -0.09406676129441569
-0.011686836863673387, 0.2825960064790961
0.7274793086991352, -0.18291834624626818
-0.26833374184300507, 0.870081224726939
-1.6000810145241087, -0.4909258460492285
-0.8245836039505903, 5.0655859899812965
-10.113528028586972, 0.22989101131453796
-19.88042033879708, -3.0828510163899328
-4.279681221564423, 29.74382163569904

0.014158011662394547, -0.09421956840629127
-0.40770000860142275, -0.2679255508726769
0.4824430538052385, 0.45311237237901536
-0.7630571855361725, 0.5557179910576955
-1.4221410281772429, -0.8980433892282166
-0.563743244395767, 5.088611695020066
-10.117883090302453, 0.04665155289072277
-19.85954321087759, -3.212068750531904
-4.38800583310662, 29.72927940620929

0.013914596275568401, -0.09435808373218635
0.3202768743170009, -0.12202840631126823
-0.17936807775606414, 0.6043589912023755
-0.9965360164691425, 0.022088641629466277
-1.1289375411798053, -1.2403654023450776
-0.30143787318517673, 5.0984836697688065
-10.118729981085018, -0.1366352979822606
-19.83778560337431, -3.341147980540694
-4.496272542904205, 29.71434463550518

0.013668157293769481, -0.09448235498029295
-0.3847065050096438, 0.1215114780812964
-0.6742266361341945, 0.1450795334639462
-0.8936313210089483, -0.5504056855000653
-0.7394917560693245, -1.4856264283289273
-0.03832797521662609, 5.095081071084219
-10.116068348454734, -0.3199062382499945
-19.815148326065568, -3.4700829847081462
-4.604479930874715, 29.699017573811297

0.013417993251505243, -0.09459373417306793
-0.06367595794350231, -0.4714228890439402
-0.5759933260299254, -0.5213922861152696
-0.48740244201368843, -0.9699822595149027
-0.28245539731882274, -1.6049105830184935
0.22491424369728047, 5.078315660751079
-10.109898829638306, -0.5030979460233851
-19.791632221890616, -3.598868044320264
-4.712626578295586, 29.68329847688074

0.013165583671162691, -0.0946944079726406
0.024478309397974577, 0.27501429943516176
0.031204733301289853, -0.8179245298934635
0.08887948477167086, -1.0905658606806734
0.2029143969532878, -1.5759982417224876
0.48760637699101245, 5.048133006578496
-10.100223055807191, -0.6861470912536096
-19.767238167143862, -3.7274974437776955
-4.820711067868377, 29.667187605951984

0.01291353825739526, -0.09478474665599051
-0.42226252051629154, -0.2409565942105904
0.6206270778281995, -0.47969740057521093
0.6375793214961859, -0.8620736668569362
0.6671630703422193, -1.3884849705391764
0.7490574624455592, 5.004513637314831
-10.08704365545684, -0.8689903465679707
-19.741967071633276, -3.8559654707098874
-4.928731983780421, 29.650685227703057

0.01266413483897775, -0.09486415173323276
0.3127444008953168, -0.1672666769096152
0.6682687316814314, 0.20044030484794598
0.9607529941992946, -0.35788649715318116
1.054191940863141, -1.0501062786079094
1.0085697603223258, 4.947474127403489
-10.070364257621147, -1.0515643988089522
-19.715819878816117, -3.9842664161292616
-5.03668791175431, 29.633791614201098

0.012418963385334407, -0.09493060447399886
-0.3670906033100356, 0.14579151113395583
0.13105513196980814, 0.6180525223675142
0.9371412768852814, 0.24220867691291276
1.3095605668773662, -0.5919285823916897
1.265440654374477, 4.8770680895875955
-10.050189495703304, -1.2338059606867884
-19.688797565983478, -4.112394574608975
-5.144577439086911, 29.616507042836236

0.012177121485814896, -0.09498244999195164
-0.10149625593362158, -0.470261926901979
-0.5124264970518884, 0.40869192191649223
0.5755947200769699, 0.7195165437945421
1.3929837919351762, -0.0682976409782593
1.5189646691992298, 4.793387076349236
-10.02652501103498, -1.415651782167286
-19.6609011444499, -4.240344244436702
-5.252399154686623, 29.5988317962483

0.0119376878356419, -0.09502014423224407
0.060500176121542945, 0.2639272786137163
-0.702485749325469, -0.23779925765164842
0.01105417715040491, 0.90494446781992
1.290415379776169, 0.4517725595044275
1.7684356127299332, 4.6965613807040985
-9.999377455753946, -1.5970386620811134
-19.632131659697077, -4.368109727767797
-5.360151649104163, 29.580766162258264

0.011700418546389865, -0.09504462081714807
-0.43443169482291055, -0.21289338835138627
-0.27673461956017203, -0.7608226691932551
-0.5542092912282514, 0.7410241797053373
1.0188470104541323, 0.9000615978729862
2.013148837453939, 4.586760708965935
-9.968754495712554, -1.77790346017996
-19.602490191512533, -4.495685330803854
-5.467833514551637, 29.56231043379894

0.01146597706255375, -0.09505767551533774
0.2999546718917538, -0.21086858502125055
0.3986865765124322, -0.7031135427212539
-0.9277191627610202, 0.29236123889898374
0.6205996930729998, 1.2242266206910168
2.252403612410819, 4.464194711705145
-9.934664813428501, -1.958183109198257
-19.57197785413273, -4.6230653639706265
-5.575443344914983, 29.543464908843614

0.011236533480942662, -0.09505989920001115
-0.34722270440779257, 0.16900346479440737
0.7297280157173571, -0.10767485842787834
-0.9876561517133569, -0.2860403883424948
0.15088949141513222, 1.3956002253775939
2.485505592683445, 4.32911335623637
-9.897118110565637, -2.137814627199882
-19.54059579635802, -4.750244142103833
-5.682979735758154, 29.524229890339704

0.011013026238735525, -0.09505064614535058
-0.1382581432092756, -0.46552606607396513
0.419185470602116, 0.4990166261731937
-0.7149322533320992, -0.8006501530721186
-0.33444483978502526, 1.4085590599905193
2.7117693758566013, 4.1818071317563055
-9.856125110814814, -2.3167351304174084
-19.508345201684126, -4.877215984660529
-5.790441284318219, 29.504605686140707

0.01079580656046736, -0.09502985687290369
0.09608448818285355, 0.24920528274925924
-0.2543716539942533, 0.5802350006408057
-0.19774528174083214, -1.076691852329694
-0.786797140404217, 1.2750420825377016
2.930521137407776, 4.022607078997637
-9.811697563003149, -2.4948818458419
-19.475227288450963, -5.003975215910973
-5.897826589499552, 29.484592608938804

0.010584697349229902, -0.09499764485807659
-0.44413178647352647, -0.18388515506800443
-0.6984755244799846, 0.0722971821143214
0.3905914518061631, -1.013018005118183
-1.1679664287669538, 1.018243518078527
3.141101339089744, 3.851884625207791
-9.76384824331426, -2.672192123711025
-19.44124330993437, -5.1305161651112945
-6.005134251866938, 29.464190976212276

0.010379655398535421, -0.09495572965784917
0.2822507152380423, -0.2522079177378
-0.5313628528915981, -0.580274377571887
0.8428261742590248, -0.6231100292713313
-1.4503484319891624, 0.6676363949066396
3.3428674775732663, 3.6700511983989417
-9.71259095709802, -2.8486034506982367
-19.40639455440518, -5.256833166711343
-6.112362873628378, 29.443401110181508

0.010182556460575472, -0.09490557583924232
-0.3251003131824487, 0.19092455949550297
0.10393180470808273, -0.8117118772706069
0.9920303966629949, -0.041629597999503186
-1.6158820145256119, 0.2557749426345309
3.535196856553597, 3.477557630412881
-9.657940541341826, -3.0240534635544347
-19.370682345225834, -5.382920560583457
-6.219511058613615, 29.422223337762375

0.009995150664932518, -0.09484729185077832
-0.1736672121183202, -0.4574746678511538
0.6548781819391176, -0.41300052251894126
0.7815726431226645, 0.5204064223898035
-1.6548523606105288, -0.18347932227972114
3.7174893718738766, 3.274893336963049
-9.599912867067177, -3.1984799625028604
-19.334108040941498, -5.5087726922283
-6.326577412255337, 29.400657990526724

0.009819054898674257, -0.09478035227727417
0.13080741327051104, 0.23071054460653834
0.6305919204956286, 0.2685505161257221
0.29091115719984884, 0.8598865297853283
-1.5650880944863417, -0.6158525670559316
3.889170283940976, 3.062585266230065
-9.538524841215409, -3.3718209248941555
-19.29667303533872, -5.634383912985195
-6.433560541569022, 29.37870540467212

0.009654377467616288, -0.09470309460562108
-0.4512463134724983, -0.15417931884677932
0.05281534634003921, 0.627325812925767
-0.3002538971659225, 0.8615861051110685
-1.3517607611018054, -1.0071835006912975
4.049692960403361, 2.8411966121005015
-9.473794408691695, -3.5440145191470984
-19.25837875750885, -5.759748580248467
-6.540459055132816, 29.356365920996332

0.009499381268343626, -0.09461560043403881
0.260193178481259, -0.2906248589915911
-0.5647927624724542, 0.3521618271921349
-0.7856482157175565, 0.5338308607258795
-1.0278242298702307, -1.3240372153950342
4.198541559407069, 2.6113252802477422
-9.405740554099191, -3.7149991185789437
-19.219226671885316, -5.8848610576674085
-6.64727156307151, 29.333639884881702

0.00935316880396788, -0.09451952168484992
-0.3007157016626627, 0.21131985983741117
-0.6863943428102067, -0.3103370949290073
-1.0039824895594842, -0.005756002005423854
-0.6149978761314334, -1.5348788047349111
4.335233614451061, 2.373602114912117
-9.334383302838175, -3.884713315524748
-19.179218278241002, -6.009715715362067
-6.7539966770372235, 29.31052764629029

0.009215397776571113, -0.09441717100444318
-0.2073845716165858, -0.4463764100049468
-0.2081694014906966, -0.7861748046510486
-0.8850297971153789, -0.5749698029376339
-0.14498011690122375, -1.6123338747835378
4.459322516303205, 2.128688906989366
-9.259743722420543, -4.053095936152282
-19.138355111710563, -6.134306930169046
-6.860633010187905, 29.287029559755005

0.009087663668332956, -0.09431123735491527
0.16426870084681583, 0.2083848856135824
0.4580007765856667, -0.6578111659463379
-0.4669481442274695, -0.9829175912505208
0.3398341222128448, -1.5370458793482125
4.57039987381249, 1.877276173177114
-9.181843924292505, -4.220086055256483
-19.096638742833857, -6.258629085863025
-6.967179177174822, 29.263145984372418

0.0089724027516614, -0.0942022130307039
-0.4557080658083863, -0.12394960654917121
0.7247291111716864, -0.030510371722125135
0.11291968093282027, -1.0870084377451177
0.7874833228528166, -1.3032683785379933
4.66809770935368, 1.620080709880085
-9.100707064913177, -4.385623010663672
-19.054070777542318, -6.3826765733525965
-7.073633794135437, 29.23887728380954

0.008870754536754812, -0.09408977630536257
0.23431836349542615, -0.3257137695114924
0.35227265889758935, 0.5400929960568223
0.655269214607269, -0.8426348221749084
1.1412664510473054, -0.9251913560347519
4.752090464981646, 1.3578429483746133
-9.016357346237937, -4.549646418085669
-19.01065285711793, -6.506443790900454
-7.179995478683726, 29.214223826316044

0.00878319876332996, -0.0939732916342593
-0.27409026659684904, 0.22994656171115363
-0.32554229636576704, 0.5503860134054357
0.9640503669155407, -0.32902239628765656
1.3494945646790335, -0.4410645792382113
4.822096811472322, 1.0913241271615217
-8.928820016373024, -4.71209618636225
-18.96638665816697, -6.629925144350763
-7.286262849903361, 29.18918598473417

0.00870858106271716, -0.09385261904421961
-0.23925675731136792, -0.4325236532510319
-0.7139643515475715, -0.0007633581373960369
0.9233216523380462, 0.270324799106221
1.3785304289238989, 0.08916395291689883
4.877881226358572, 0.8213032953753314
-8.838121370045258, -4.872912532713789
-18.92127389257641, -6.753115047346654
-7.392434528345477, 29.163764136514498

0.008646251531702145, -0.09372944723153556
0.19594901276924861, 0.18215011727479272
-0.4796204843562234, -0.6323756820524389
0.5485273425956274, 0.7370926626578103
1.2234177206386496, 0.5949446027535986
4.91925533963858, 0.5485741802910693
-8.744288748805696, -5.032035998268722
-18.875316307463386, -6.876007921559012
-7.498509136026292, 29.137958663731737

0.008596662597511389, -0.09360502921118298
-0.45745907290032395, -0.09346826501404244
0.1769027394978241, -0.796151056818618
-0.0205802968304736, 0.9064687400575879
0.9096122096684459, 1.011373332511258
4.946079028006734, 0.27394191879504776
-8.64735054145912, -5.189407463851678
-18.828515685141927, -6.9985981969061575
-7.604485296431182, 29.111769953096925

0.008560285897079713, -0.09348050739667714
0.2052673121605967, -0.3571351372611783
0.6833168168882652, -0.3414557710886341
-0.5805298158336979, 0.7269357692063304
0.4846291795766218, 1.2926614433885764
4.958261214472958, -0.0017803086992056916
-8.54733618413995, -5.344968165385188
-18.780873843048298, -7.1208803117405175
-7.710361634526556, 29.085198395980388

0.008538090559371696, -0.09335604936377016
-0.245308325340478, 0.24649609326238936
0.587568572903814, 0.3338079951772942
-0.9410459301611044, 0.26828885814054043
0.004975315967692159, 1.4172846741969227
4.955760389102948, -0.2777746963282176
-8.44427615948038, -5.498659709424855
-18.732392633621252, -7.242848713053227
-7.816136776768604, 29.058244388440002

0.008529240829779322, -0.0932311051929186
-0.26902752517148387, -0.4162257741599238
-0.024192725065846177, 0.6298481610579297
-0.9846404972504385, -0.3114205823989222
-0.47505967379619696, 1.3854498607823402
4.938584862016343, -0.5532222726789469
-8.338201995865955, -5.650424089356988
-18.68307394421234, -7.364497856703531
-7.921809351110485, 29.03090833124045

0.00853228953017651, -0.09310684912159593
0.22530141373813795, 0.1520953304114749
-0.609196138828599, 0.29193230665363284
-0.6973659340633434, -0.8182329638668271
-0.9097670718534399, 1.2130201287552822
4.9067927168640475, -0.827306381302563
-8.229146266910021, -5.800203701689763
-18.632919697008237, -7.485822207625843
-8.027377987017715, 29.003190629870147

0.00854645215554455, -0.09298499930288708
-0.45647289889161063, -0.06297764539756874
-0.6609785726486748, -0.3795307699110519
-0.1721611682210116, -1.0796361052168781
-1.2641160210322755, 0.9254723321610242
4.860491468779125, -1.0992161345264146
-8.117142590572115, -5.94794136219211
-18.581931848920853, -7.606816240018275
-8.132841315487399, 28.975091694564444

0.008571589537921979, -0.092868173447818
0.17365901626353877, -0.38469782111939904
-0.13528758922574627, -0.8030410053979689
0.41465199125049906, -0.9991458373885247
-1.5134305187603556, 0.5534499507849238
4.799837441823744, -1.3681498207674032
-8.002225627920375, -6.0935803221698315
-18.53011239146812, -7.727474437536551
-8.2381979690668, 28.946611940326772

0.00860963135541684, -0.09275818583346465
-0.2144507591447281, 0.26070318498113704
0.5143236485555692, -0.6053390304976414
0.8559271303854343, -0.5962052988238421
-1.6422136828775205, 0.13003398980354275
4.725034860771517, -1.6333182338049397
-7.884431081756942, -6.237064284799218
-18.477463350650236, -7.847791293473808
-8.343446581876627, 28.917751786949395

0.008662022225897702, -0.09265459693025956
-0.2966217720713165, -0.3977788750414545
0.7137014089002266, 0.04672630412679667
0.9885737319353106, -0.010544284305222322
-1.6430301189105967, -0.3107197311430605
4.636334680725296, -1.8939478896335868
-7.763795694596732, -6.378337421355842
-18.423986786791883, -7.967761310937714
-8.448585789634192, 28.88851165903768

0.008729026123802093, -0.09255651032493459
0.25175733780368237, 0.118293913431808
0.28364105115801674, 0.5747474558946525
0.7623152670314174, 0.5451274421294875
-1.5158652208512189, -0.7345201408892698
4.534033179355457, -2.1492841257022026
-7.640357246412182, -6.5173443880457045
-18.36968479440517, -8.087379003051261
-8.553614229673666, 28.858891986026645

0.008809445271065117, -0.09246260700292348
-0.4527656402000194, -0.032716611538355055
-0.3908813630251663, 0.5141070395283603
0.26260140093892903, 0.8703130336276713
-1.2681102019851238, -1.10734592058229
4.418470288878514, -2.3985940539810953
-7.514154552803194, -6.654030343088198
-18.314559502082783, -8.206638893129883
-8.658530540972565, 28.82889320219084

0.00890051418770867, -0.09237348262971744
0.14005220353784126, -0.4083442104043215
-0.7195487561773348, -0.07428068318582169
-0.32784664114304896, 0.8552602404147213
-0.9151740941530051, -1.396170862826159
4.2900277072882735, -2.6411693194717523
-7.385227462793399, -6.788340963309331
-18.258613072349476, -8.325535514819414
-8.76333336418483, 28.798515746661884

0.009000909766941002, -0.09229132216453868
-0.18169065924903843, 0.2722418112880384
-0.420508737033318, -0.6782951791130779
-0.8034165997498902, 0.5141009289151821
-0.4815785551843523, -1.5703953885908102
4.149126832679385, -2.876328674737895
-7.2536168557781915, -6.920222460640384
-18.20184770148224, -8.444063412244482
-8.868021341669225, 28.76776006344822

0.009110188707743121, -0.09221802765505281
-0.32192111538908025, -0.37747582903085186
0.25018085665680384, -0.7726403783578519
-1.0063026324957736, -0.03132113612456444
-0.0021269782040859025, -1.6045243756083651
3.996226517877987, -3.1034203552939763
-7.119364638263754, -7.049621599070665
-18.144265619355284, -8.562217140168348
-8.972593117516471, 28.73662660144606

0.009229053987986284, -0.09215538956532941
0.2746787408285717, 0.08107361777545635
0.7063528709264025, -0.2670009977532187
-0.8712306212021061, -0.5970770330280001
0.4777436124939553, -1.4825503153004564
3.831820669331597, -3.3218242301366114
-6.982513740508008, -7.176485711521823
-18.08586908928609, -8.679991264130742
-9.077047337579796, 28.705115814448668

0.009358502893500794, -0.09210319081829685
-0.446380545888706, -0.002944299284854806
0.5401672401658487, 0.39424250495098173
-0.4414819790229175, -0.9933016551851942
0.9039716940981295, -1.2039438330110421
3.6564357266090513, -3.530953725948178
-6.843108112505037, -7.3007627166758535
-18.02666040787268, -8.797380360585294
-9.181382649505075, 28.6732281611546

0.009497663445767288, -0.09206097909730891
0.10501296446917076, -0.4280454002100813
-0.09870361951456913, 0.6242097536490572
0.14160359796800995, -1.0810472353588072
1.220094623315866, -0.7897393033133122
3.4706280330567183, -3.730257517604899
-6.701192719963028, -7.422401136150655
-17.966641904856537, -8.914379017027741
-9.28559770276225, 28.64096410517051

0.0096455697727018, -0.09202912870952798
-0.14725212163081872, 0.2808357619005278
-0.644799672728877, 0.2272704597775927
0.6772309678221354, -0.8212629532515024
1.3783301721747503, -0.2851967149983861
3.274981133883193, -3.9192209703439747
-6.55681354011975, -7.541350111129303
-17.90581594296693, -9.03098183208519
-9.389691148681253, 28.60832411501673

0.009800947841970916, -0.09200828027398208
-0.34490040233331526, -0.35561501418519986
-0.6263382528734166, -0.4460272405031916
0.971441919141316, -0.298964292422
1.3526521629258683, 0.2451160689287643
3.070103036111782, -4.097367357499996
-6.410017556454004, -7.657559418306273
-17.84418491772792, -9.147183415605564
-9.493661640484111, 28.57530866413677

0.009963449244938957, -0.09200010414068341
0.29350372626747084, 0.040743962752759745
-0.05888557311507165, -0.8127440414698743
0.9137131943458631, 0.29882054464996044
1.1473439190278192, 0.7306006682083919
2.856623427078475, -4.26425884977506
-6.260852752662836, -7.770979486079433
-17.781751257301064, -9.262978388775425
-9.597507833311665, 28.5419182308955

0.010133959778856868, -0.09200487770250891
-0.43737977049868937, 0.026110277828622633
0.5669615945282003, -0.5479333026854585
0.526019929187898, 0.7543778284436414
0.7955453991892114, 1.1108997513712426
2.6351908786575957, -4.419497255216684
-6.109368106850235, -7.881561410827993
-17.718517422369786, -9.378361384209951
-9.701228384255785, 28.508153298571795

0.010312334593351038, -0.09202189943266692
0.0689879289805774, -0.4439213195219319
0.6966833656436374, 0.1214893454121661
-0.047218487606514196, 0.9072718226625625
0.34877996761022007, 1.3472183945278837
2.406470084064562, -4.562724538761205
-5.95561358531151, -7.989256971996605
-17.654485905996786, -9.493327046003923
-9.804821952394233, 28.47401435535598

0.010497913167096582, -0.09205016335976994
-0.11134730885407396, 0.2861966655023342
0.21377889099840566, 0.6009645365630938
-0.6014374632864564, 0.7119354559333058
-0.13612994552181598, 1.424911374623403
2.171139125887536, -4.693623140057748
-5.799640135387099, -8.094018646253174
-17.589659233478116, -9.607870029788213
-9.90828719882244, 28.4395018943464

0.010688312974469488, -0.09208872146655953
-0.3655407160483383, -0.3324302595372195
-0.45014556377507703, 0.4699865103357914
-0.9486601715608378, 0.24333384987476805
-0.606965213091254, 1.3494555861560866
1.929886793048338, -4.811916080909084
-5.641499678144098, -8.195799620791675
-17.52403996222164, -9.721985002773692
-10.011622786684963, 28.4046164135424

0.010880945285342206, -0.09213898269907733
0.30767520897214085, -0.0021109635602899763
-0.7155258975693991, -0.14942070767715504
-0.9758458724999681, -0.33750913152953205
-1.0210687910891918, 1.1401065917799804
1.6834099685422734, -4.917366887734909
-5.481245100804578, -8.294553804839708
-17.457630681617122, -9.835666643777374
-10.114827381206101, 28.369358415838295

0.011074948923748853, -0.09220285402978787
-0.4258545537950743, 0.05424359990841864
-0.35495899780445367, -0.7193231712556258
-0.6742456983631281, -0.8363648698910581
-1.346539773339257, 0.8242424153778364
1.4324110923741753, -5.00977933352065
-5.318930248881755, -8.390235839305976
-17.390434012929326, -9.948909643264905
-10.217899649715617, 28.33372840901138

0.011270277994579898, -0.09228218615041206
0.032441613552137254, -0.456029313489063
0.32243289132238595, -0.7431376080472574
-0.14148034105388904, -1.0831630627888933
-1.5615275812936515, 0.4334428680540521
1.1775957208104668, -5.088997006896277
-5.154609919276758, -8.482801104843325
-17.32245260925204, -10.061708703382848
-10.320838261677732, 28.297726905702206

0.011468553178237605, -0.09237776202465205
-0.0743352468301013, 0.2881016386292816
0.7231275845123596, -0.19229796240381042
0.44326361457731484, -0.9861852675676127
-1.6530031388506214, 0.0011867148141588197
0.9196702004981773, -5.1549027416195585
-4.98833985568538, -8.572205727043277
-17.253689155459497, -10.174058537936832
-10.423641888724717, 28.261354423401492

0.01167055573299046, -0.09248798385823134
-0.3838665408825558, -0.30815266435646943
0.48838001386208646, 0.4474715699630467
0.8731207005616555, -0.5708278769515847
-1.6157505797053233, -0.43834405530566967
0.6593394466863016, -5.2074179249197865
-4.820176746623908, -8.658406577729213
-17.184146368136542, -10.285953872371449
-10.526309204684653, 28.224611484440448

0.01187539258656155, -0.09261145525706946
0.3167404204008424, -0.046866669530451974
-0.17063288061591875, 0.6089049502348688
0.9889939945755399, 0.01824544243294658
-1.45190140574224, -0.8508849926034191
0.3973048323158936, -5.246501671296945
-4.650178228265615, -8.741361273818718
-17.113826995565805, -10.397389443778884
-10.628838885604386, 28.187498615971545

0.01208153098154773, -0.09274706550002026
-0.4119222714100188, 0.08125038006929873
-0.6720489883816694, 0.1571768660671885
0.7470111012786708, 0.5668337148558775
-1.171110199051184, -1.2026092041420546
0.13426221057040755, -5.272149889312905
-4.4784028959996816, -8.821028175057913
-17.042733817769797, -10.508360000891079
-10.731229609775454, 28.150016349946625

0.012286577684564154, -0.09289509559072538
-0.004305136975395656, -0.46457285547543
-0.5835028585346298, -0.5107727369337601
0.23853372208617918, 0.8772252700457565
-0.7913358684379419, -1.461005861597127
-0.12909993392620822, -5.2843942652362
-4.304910328275153, -8.89736638275475
-16.970869646571142, -10.618860304059881
-10.833480057759223, 28.112165223096877

0.01248979967577492, -0.09305693416148812
-0.036504490743151506, 0.2862903977441881
0.019525072713422374, -0.8165543752599782
-0.35084817429024834, 0.8452282204383297
-0.3400228072314507, -1.596622438556239
-0.3921022056539878, -5.283301167005136
-4.129761126448894, -8.970335745352148
-16.898237325702343, -10.728885125252441
-10.935588912409967, 28.073945776908218

0.012691235702142046, -0.09323279819379902
-0.3998983836607293, -0.282981235171685
0.6144426365557043, -0.4874970502343322
-0.8163708360231039, 0.4907587438654298
0.14484803451225584, -1.5862129087782986
-0.654075886997498, -5.268970484138548
-3.9530169737438, -9.039896880350828
-16.824839730962374, -10.83842924803452
-11.037554858901432, 28.035358557599263

0.01289088881889554, -0.0934226026174985
0.3203946612147442, -0.09279725129730627
0.6729557749396893, 0.1917037295937033
-1.0038484853863832, -0.06026320468718949
0.6149212552525547, -1.417651585074544
-0.9143644061523138, -5.241534407608474
-3.774740711385369, -9.106011224520499
-16.750679770379, -10.947487467561116
-11.139376584748812, 27.99640411610367

0.013088547182116684, -0.09362515493275331
-0.39568642413197325, 0.10696524386565318
0.14259907298995855, 0.617381111904744
-0.8529717983745924, -0.6223642801874701
1.0145523589742034, -1.0961932766265707
-1.1723246780243297, -5.201156143149302
-3.594996421152628, -9.168641126706905
-16.675760384435858, -11.056054590631883
-11.241052779823557, 27.957083008043924

0.013282218149198092, -0.09383979802126169
-0.04088557198661724, -0.46966315305144285
-0.5036214015042849, 0.41764792062437717
-0.4120663768013772, -1.0068210239465782
1.2885137489391822, -0.6499888123378008
-1.4273283241590726, -5.148028587559307
-3.413849493689734, -9.227749992342773
-16.60008454639652, -11.164125435776658
-11.342582136371826, 27.91739579369794

0.013470637527606329, -0.09406751368675886
0.0017144973279588373, 0.2806110296317309
-0.7030303540789973, -0.22610445193915416
0.17361400463021465, -1.078379428556978
1.3941444518201584, -0.13088367707430942
-1.678762796788774, -5.082372980570001
-3.231366652602247, -9.283302471353442
-16.52365526266029, -11.271694833342988
-11.44396334903687, 27.877343037973528

0.013653474924143738, -0.09430908650095222
-0.41366964430550146, -0.2570870034511249
-0.28486452594027467, -0.7557102886678309
0.7018836856024306, -0.8035789234650489
1.3138349620123788, 0.39313440217372514
-1.9260324206109443, -5.004437537703414
-3.0476159062198365, -9.33526465832086
-16.44647557313361, -11.378757625637284
-11.54519511487555, 27.836925310384242

0.013831383038605646, -0.09456542525661295
0.31846824617291286, -0.13903153648092653
0.3917015169330005, -0.7085571344478758
0.981040104278571, -0.27319558447332326
1.0609854178675986, 0.8528826396876129
-2.1685593500495495, -4.914496083280482
-2.862666419697264, -9.383604257157925
-16.368548551658495, -11.485308667144967
-11.646276133372485, 27.796143185020483

0.014006033785069176, -0.0948354984408154
-0.3772710145253058, 0.13124041073173978
0.7322151173882274, -0.11856024592818323
0.9061223438247346, 0.3223626428255715
0.6754758210114884, 1.1935453907416276
-2.405784441087399, -4.812846714486971
-2.6765883324926145, -9.428290665698638
-16.28987730647245, -11.591342824808597
-11.747205106454839, 27.75499724052123

0.01417717466210462, -0.09511689879877845
-0.07705702578746744, -0.4714994586225317
0.43138351554709065, 0.49255755339084145
0.5056477109164719, 0.7661842345308688
0.211674988116756, 1.383526416525608
-2.6371680291028965, -4.699810503516324
-2.4894525690481637, -9.4692949630898
-16.210464980681138, -11.69685497839571
-11.84798073850232, 27.713488060045407

0.014343398808822036, -0.09540787953252877
0.03995413917436367, 0.27088079239440843
-0.2405395886237946, 0.5837436354180483
-0.07144397540053912, 0.9023664541668075
-0.2741482316151752, 1.4146875656829223
-2.8621906074015153, -4.575730246343938
-2.3013306895256838, -9.506589820885077
-16.13031475276786, -11.80184002095866
-11.948601736357553, 27.671616231236218

0.014502235382271482, -0.09570737815015845
-0.4252261052396265, -0.23060860912141945
-0.6919676523835386, 0.08227093635362477
-0.6197180846366399, 0.6913104331622533
-0.7322796653508827, 1.2972130900543388
-3.0803534108586987, -4.440969241742984
-2.1122948050470485, -9.540149380256423
-16.049429837079195, -11.90629285934223
-12.049066809341603, 27.629382346192102

0.01465143236240033, -0.09601665592997485
0.31096622313430883, -0.18481541308884664
-0.5344722819533481, -0.5730836274591696
-0.9536466757004453, 0.21302511807469904
-1.1232198693770896, 1.0532523971938064
-3.2911789009125996, -4.295910085108279
-1.9224175536421184, -9.569949135686954
-15.967813484228978, -12.010208414767558
-12.1493746692638, 27.58678700144448

0.01479100199309735, -0.09633718678207266
-0.356773227405289, 0.15393287364312383
0.0974743495525289, -0.8145763435539334
-0.9646592689210802, -0.36864374356229035
-1.418135147499843, 0.7117363308553093
-3.494211162312538, -4.140953485402773
-1.7317721166580045, -9.595965850392513
-15.885468981456174, -12.113581623531624
-12.249524030423798, 27.543830797927363

0.014921494740267388, -0.09666949668729563
-0.11257715486790407, -0.4702208836329105
0.6547859155614393, -0.4248132236651187
-0.649183758066164, -0.8592868896690912
-1.5978868127231398, 0.3049756251180674
-3.6890162364614074, -3.9765171102298553
-1.540432253826708, -9.618177511223267
-15.802399652938426, -12.216407437768163
-12.349513609616881, 27.500514340942587

0.015044218018016633, -0.09701324448670856
0.07772046897117267, 0.25701739580998684
0.6413069785887963, 0.2566453932464288
-0.10951159087686932, -1.0913466621290258
-1.6518166010999131, -0.1332558053832952
-3.8751823988670693, -3.8030344519107104
-1.3484723408123591, -9.636563317615787
-15.718608859989219, -12.318680826229931
-12.449342126140463, 27.456838240130892

0.015159444667327509, -0.0973663745377864
-0.43459741885457687, -0.20368571139828884
0.06932885585976523, 0.623845953537826
0.47239441225137885, -0.9779856465654415
-1.5768819177520317, -0.5686933326305766
-4.052320389597639, -3.620953721572887
-1.1559673994817148, -9.651103695068416
-15.634100001136687, -12.420396775100507
-12.54900830179689, 27.41280310944303

0.01526589771568129, -0.09772785607493441
0.2980528843909548, -0.22925906222651948
-0.5521835983660182, 0.35766813368570627
0.8901679728997891, -0.5506022219744899
-1.377379627179711, -0.9671260317412291
-4.220063600382996, -3.430736769492411
-0.9629931177532894, -9.661780324621896
-15.548876512081279, -12.521550288790333
-12.648510860897236, 27.36840956711091

0.015362851355274649, -0.09809738672231567
-0.3343337257825082, 0.17490102657139145
-0.683600330849554, -0.3033661435959754
0.9889127307441287, 0.041335753642314566
-1.0653109224179982, -1.294977005313714
-4.378068219778039, -3.2328580396728444
-0.7696258589717001, -9.668576180450607
-15.462941865496758, -12.622136390690763
-12.747848530263202, 27.32365823562524

0.015449502528169954, -0.09847502776288292
-0.14720624622456577, -0.4660215578525011
-0.21248229585608622, -0.786887550416249
0.7311937302992206, 0.5823746200208818
-0.6613073812219651, -1.5203877724954102
-4.526013349125783, -3.0278035648247115
-0.5759426614603813, -9.671475570742786
-15.37629957070938, -12.72215012390152
-12.847020039221606, 27.278549741709124

0.015526423965669183, -0.09886116822173756
0.11456989958035513, 0.2389377554182529
0.45573710182041777, -0.6692327459901634
0.21414254503470567, 0.8777642359382307
-0.1958399507247768, -1.6153266601689436
-4.663601100294724, -2.81606999631766
-0.3820212300399294, -9.670464180184114
-15.288953173311466, -12.821586551887405
-12.946024119600665, 27.233084716285568

0.015594414133839383, -0.09925439442510677
-0.44180826343574925, -0.17641750131208672
0.7322396140974894, -0.04661499905939392
-0.37397712446246734, 0.828895318393275
0.28995157510005076, -1.5592387713388653
-4.790556664931841, -2.59816365772693
-0.18793992203188356, -9.665529112614715
-15.200906254671379, -12.92044075898874
-13.044859505731935, 27.18726379445376

0.0156529202866311, -0.09965318522371147
0.2800456863438454, -0.27168759877472937
0.3687225482722963, 0.5291432443048002
-0.8293718068699465, 0.4613886032378288
0.7450816046308617, -1.3444478165760918
-4.906628356990013, -2.374599634316563
0.0062222710057727275, -9.656658931621866
-15.11216243133277, -13.01870785081574
-13.1435249344471, 27.1410876154724

0.015700944803347053, -0.10005622482757354
-0.3100176103654972, 0.19404576001793256
-0.3087657863061021, 0.549273250605475
-1.0015211596019704, -0.09483493425932536
1.1130158158806651, -0.9824983008097216
-5.011587644085407, -2.1459008964273236
0.20038574560342953, -9.643843699190734
-15.022725354386534, -13.116382954551971
-13.242019145069769, 27.094556822739236

0.015736371972169882, -0.10046325610312791
-0.1808033345109068, -0.45903615260599673
-0.7054394644799997, 0.0035564146970742745
-0.835127716612383, -0.6528093241203171
1.3408414796294543, -0.5087471103448381
-5.105229165380229, -1.9125974507077075
0.39447031154220275, -9.627075013079558
-14.932598708837055, -13.213461219133887
-13.34034087940877, 27.04767206377135

0.015758474870124977, -0.10087588541351841
0.14997104898031802, 0.21664005349288307
-0.4806562758239818, -0.6320722230234427
-0.3836121434199957, -1.0250598141648386
1.392129157467006, 0.019034933168415234
-5.187370742252233, -1.6752255199284336
0.5883952192539056, -9.606346042270442
-14.841786212968739, -13.309937815324833
-13.438488881749459, 27.00043399018938

0.015768233800194927, -0.10129492602243033
-0.44688572769877216, -0.14889590707347516
0.17331344284609027, -0.8063880559212092
0.20391753829570022, -1.0802022743133823
1.2582113675362718, 0.53077650909374
-5.257853385824719, -1.4343267420020902
0.7820791896140796, -9.581651560843547
-14.75029161777078, -13.405807935711326
-13.536461898844319, 26.952843257698962

0.01576717166321239, -0.10172051631848371
0.25736387332603033, -0.3113928861493003
0.6866543682378162, -0.36010154860870874
0.7240998704679462, -0.7904723540709289
0.9611802283219878, 0.960102016615682
-5.316541287946778, -1.1904473853936892
0.9754404455543387, -9.552987981356047
-14.658118706419803, -13.50106679458899
-13.63425867990882, 26.904900526079736

0.015757302325986145, -0.10215094959603425
-0.2839893346682471, 0.21121556168180336
0.6013366629490097, 0.31598284216477857
0.9877121832435201, -0.25233703582403577
0.5465636166280068, 1.2585079286217267
-5.3633218073045, -0.9441375930552797
1.1683967445027932, -9.52035338684968
-14.565271293777434, -13.595709627770244
-13.731877976614298, 26.85660645918385

0.0157383477174519, -0.10258332700427589
-0.2131611319690442, -0.4494435725705061
-0.005826836174442568, 0.620864461186564
0.8954453582158717, 0.34061228696176715
0.07045229575954379, 1.401585937051146
-5.39810546667943, -0.6959506425424588
1.3608654124677302, -9.48374756042198
-14.47175322596437, -13.68973169240058
-13.829318543074235, 26.80796172493131

0.01570887348847281, -0.10301623671204777
0.18335907799180345, 0.19018741215635482
-0.5960215199164085, 0.2913845320409807
0.48229748562185204, 0.7724617920401085
-0.4121685297358151, 1.38722725286575
-5.420825948101608, -0.44644221207800516
1.5527633802682514, -9.443172014082348
-14.377568380055983, -13.783128266764347
-13.926579135834029, 26.758966995302966

0.015667360041286472, -0.10344903966514207
-0.4498280764476915, -0.12124995434481131
-0.6581186619554932, -0.37979373401687366
-0.09840683999867618, 0.8919491130242218
-0.8543827063920872, 1.2297579131023415
-5.431440081823896, -0.1961696577095917
1.7440072209285093, -9.398630017255986
-14.282720663843403, -13.875894650053832
-14.02365851386617, 26.709622946343387

0.015612662739911774, -0.10388270320773006
0.23056668101377178, -0.34786621150767344
-0.13904685708034034, -0.8118235444481732
-0.6405009859516869, 0.6654552213526134
-1.2198617894117847, 0.9537749132902115
-5.429927840861235, 0.05430869909030042
1.9345131881024724, -9.35012662388199
-14.187214015644214, -13.968026162151528
-14.120555438563143, 26.659930258168764

0.015545759541536775, -0.10431800704752944
-0.2562883279809786, 0.22630939069979059
0.5133623313951121, -0.6246526851359006
-0.9610382569347733, 0.1779941653099402
-1.482741039848115, 0.5894839383416843
-5.416292336711767, 0.30443428241040354
2.1241972560565863, -9.297668698248888
-14.09105240419298, -14.059518143445736
-14.217268673732324, 26.609889614977323

0.015467517568491872, -0.10475420159304706
-0.24414506503960826, -0.4373707073270853
0.7225884451660995, 0.02369364214127468
-0.9560305644215366, -0.4038604239210324
-1.6264891061503863, 0.16978516723377224
-5.390559817445414, 0.5536489657202363
2.312975160918907, -9.241264940164585
-13.99423982857532, -14.150365954656541
-14.313796985592667, 26.559501705066847

0.015378479921502765, -0.10519035238802539
0.21422020249001295, 0.15970133444947854
0.30050774691353965, 0.5577374895034397
-0.6271169204228126, -0.8856887372287248
-1.6427549803103458, -0.27131289720750296
-5.35277968038255, 0.8013957821414959
2.5007624428243416, -9.180925908420404
-13.896780318195976, -14.24056497672304
-14.410139142768845, 26.5087672208535

0.01527839594351472, -0.10562492941854489
-0.45064850981952626, -0.09351334236086699
-0.37511584782371027, 0.5068667079950425
-0.08115396311216648, -1.1026316566156584
-1.5306591230178441, -0.6994987535426942
-5.3030244767394965, 1.0471196473247475
2.6874744899198455, -9.116664042709031
-13.798677932832604, -14.330110610758643
-14.50629391629014, 26.45768685888734

0.015166084362920771, -0.10605792087702189
0.2001894385670447, -0.38065999555566077
-0.7129009609629585, -0.07703708231235565
0.4973100800271409, -0.9728040433674738
-1.296702448596219, -1.0806737675950437
-5.241389908704698, 1.2902680807597755
2.873026583985267, -9.048493685348166
-13.699936762729441, -14.418998278004906
-14.602260079599994, 26.406261319878265

0.015041993289335647, -0.10649009700842031
-0.2270782025246734, 0.23918682357443768
-0.42326981111322, -0.6860112339879207
0.902562812752258, -0.5335450849491749
-0.955307271744698, -1.381630880137513
-5.167994839666736, 1.5302919338500336
3.057333946752543, -8.976431102039104
-13.600560928668196, -14.50722341980391
-14.698036408565919, 26.354491308732246

0.014907108095468769, -0.1069214121314787
-0.27361353696672014, -0.422966776581959
0.2455914187740169, -0.7910344696699624
0.9839908890437631, 0.060992911755500825
-0.5298662829885599, -1.5713763813919774
-5.082981306804368, 1.7666461403268772
3.2403117871121028, -8.900494500547612
-13.500554582056077, -14.594781497649567
-14.793621681488409, 26.302377534584252

0.014763116137522313, -0.10735135982864709
0.24190189904361536, 0.12545620133019655
0.7091386653464234, -0.2929767818188677
0.7106198920783144, 0.5942490294446894
-0.053933380806906045, -1.6236320032448461
-4.986514523448241, 1.9987904805165502
3.421875349973519, -8.820704047821634
-13.399921905057408, -14.681667993283167
-14.88901467911778, 26.249920710831418

0.014611235814647567, -0.107777457912992
-0.4493398808005807, -0.06582670710564875
0.552838661478481, 0.3702661330436075
0.18529577571129566, 0.874583915415197
0.4282669484984049, -1.52099934086364
-4.878782881452176, 2.226190363755079
3.6019399663747427, -8.737081886192962
-13.298667110720434, -14.767878408805576
-14.98421418467672, 26.197121555171158

0.014450376350458016, -0.10819757205761457
0.16689121028754175, -0.40946218547622076
-0.08281065128958753, 0.6095372948069867
-0.40117992826993865, 0.8090694978835158
0.8634781561464362, -1.2607933728912961
-4.759997944534543, 2.448317634325151
3.7804211045661402, -8.649652147823174
-13.196794443110809, -14.853408266837224
-15.079218983887229, 26.143980789637464

0.014279197662948146, -0.1086109771317306
-0.19644720232402269, 0.2497076062406511
-0.6352534850614755, 0.22044181453998254
-0.8461535640735619, 0.4290342731242974
1.1950577883736984, -0.8612496050110333
-4.630394430168213, 2.664651395699157
3.9572344225597393, -8.558440967914574
-13.094308177459395, -14.938253110693656
-15.1740278650079, 26.09049914063927

0.014096171462526, -0.10901802057121968
-0.301413021446438, -0.4063846459683575
-0.6273245269125578, -0.45348998373156973
-1.0029126260333348, -0.13170316201225066
1.373531779719211, -0.36481857692988723
-4.4902301912331595, 2.874678861684021
4.132295821438574, -8.463476496772174
-12.991212620274597, -15.02240850455928
-15.268639618875717, 26.036677339004935

0.01390139682524495, -0.10942059534562204
0.26591157937314575, 0.08774136149759969
-0.06593914245328958, -0.8291535047388549
-0.821219405840598, -0.6848636192790754
1.3697044780223464, 0.16569374563051287
-4.339786181510159, 3.0778962483081864
4.305521499163606, -8.364788909556282
-12.887512109433699, -15.105870033717542
-15.363053038945761, 25.982516120019152

0.013696875940277865, -0.10981927649601714
-0.44587321285329323, -0.03824164641507748
0.5634306199101323, -0.5744005494951485
-0.35951024797637204, -1.0443958622457186
1.1841115216762845, 0.6595573486296973
-4.179366386848122, 3.273809685867957
4.476828005643219, -8.26241041375611
-12.78321101431303, -15.188633304834639
-15.45726692133945, 25.928016223448484

0.013484333526507597, -0.11021347957609584
0.1312384623393403, -0.43408140925004596
0.7030695608961033, 0.09254775528648794
0.22939219342330489, -1.082870224622942
0.8468664305095208, 1.0544542807971813
-4.009297744506574, 3.4619361562436266
4.646132299261068, -8.156375255524761
-12.67831373591937, -15.270693946221838
-15.551280064904379, 25.87317839356909

0.013265391654185407, -0.11060157144208135
-0.16451999632170067, 0.2577441586858347
0.22714589585141032, 0.579092855528329
0.7410728714098479, -0.7782278012140001
0.40799457467008343, 1.3087134606874122
-3.8299300414305453, 3.64180447187845
4.813351803902256, -8.04671972450663
-12.572824706979334, -15.352047608097731
-15.645091271275277, 25.818003379193048

0.0130397632794205, -0.11098134270962981
-0.32743410074049556, -0.38774816112190263
-0.4392121733261785, 0.45790138684716203
0.9889212432725484, -0.2325735556595374
-0.07570338302399379, 1.4049264564968185
-3.6416357764622864, 3.8129562883318284
4.97840446665862, -7.933482156445273
-12.466748392022984, -15.432689962882288
-15.738699344936242, 25.76249193368377

0.012806581372952562, -0.11135244723318143
0.28564963731549353, 0.04705643964685269
-0.7143858260249629, -0.1577670201262039
0.879400919833735, 0.35747330108374714
-0.5511042436856971, 1.346493538701793
-3.444809989188763, 3.9749471495465976
5.141208816236912, -7.816702934106797
-12.36008928745829, -15.512616705494873
-15.83210309328758, 25.706644814965546

0.012565903304798136, -0.11171487264655056
-0.44023335312844997, -0.010882477390029382
-0.3629543617163205, -0.7333122290728843
0.45397053943671123, 0.7772222013135816
-0.9742837800025084, 1.1513611893713829
-3.23987004760406, 4.127347572604972
5.301684021590479, -7.696424485885714
-12.252851921623451, -15.591823553669304
-15.925301326709517, 25.650462785524976

0.012317995249602275, -0.1120690255559361
0.09389965832911383, -0.45438291706676553
0.3134676430317881, -0.7677106104315998
-0.12984199883586192, 0.8801913822550822
-1.312064407865557, 0.8461950686915641
-3.027255383560436, 4.26974415873615
5.459749951206002, -7.572691281849291
-12.145040854853148, -15.67030624830529
-16.018292858625735, 25.59394661239479

0.012064479178238547, -0.11241479058038253
-0.13144149561409085, 0.26314417201842016
0.722088540515737, -0.2233552036399112
-0.6653402056081917, 0.638723545807837
-1.5414559185534098, 0.4622397470418885
-2.8074271871430065, 4.4017407376797575
5.615327233483127, -7.445549828080139
-12.036660679553776, -15.748060553799343
-16.111076505572733, 25.53709706713473

0.011806062526764605, -0.11275048227191935
-0.3515216821515221, -0.36720140635614834
0.4967116643466004, 0.41975525588265045
-0.9722678497832005, 0.1427193086195396
-1.6484425790884993, 0.03284140824715812
-2.5808680459314366, 4.52295955701022
5.768337317390804, -7.315048659708449
-11.927716020226006, -15.825082258346628
-16.203651087264095, 25.47991492580974

0.011542308424495105, -0.11307525597152686
0.3006885960516581, 0.00395021422267984
-0.1603034418381695, 0.5910417325624275
-0.9512400865712369, -0.43866188126633177
-1.6269249878421639, -0.40785379142664374
-2.34808150880794, 4.633042498435098
5.9187025325380755, -7.181238331196451
-11.818211533465064, -15.90136717428404
-16.296015426642587, 25.422400968953365

0.011272714312749158, -0.11338879162078044
-0.4323796399568505, 0.01617353762677274
-0.6690188482569897, 0.14675887504829976
-0.609075700037697, -0.9111062277698977
-1.4781789258384084, -0.8255638907919187
-2.109591582815108, 4.731652309649349
6.066346149692213, -7.044171403876669
-11.708151907983003, -15.976911138458398
-16.388168349929312, 25.364555981517285

0.010996652247947322, -0.11369220382232967
0.05539015837493282, -0.4703669693147615
-0.591077959082143, -0.5225824668711233
-0.05715117069489573, -1.1125331755695347
-1.2109503263516244, -1.1863785635278732
-1.8659421632933595, 4.818473869915029
6.211192441637979, -6.903902431694953
-11.597541864621535, -16.051710012577477
-16.48010868667006, 25.30638075281773

0.01071572086228321, -0.11398714416682301
-0.09734995922309929, 0.2657519604743645
0.006680786359144534, -0.8375962846146243
0.5174735647527376, -0.9660885970354148
-0.8421657305080145, -1.457569791147424
-1.6176963768994481, 4.893215476891021
6.353166743720698, -6.760487944557197
-11.48638615634794, -16.12575968356699
-16.571835269771316, 25.247876076475407

0.010432303448231778, -0.11427348141147402
-0.3735783121177286, -0.3448784379858418
0.6060383314352434, -0.5178176790756955
0.9099014807599972, -0.5150956973349345
-0.398080829782214, -1.6092026343599168
-1.3654358400046915, 4.955610149615529
6.492195514536145, -6.613986429177766
-11.37468956825514, -16.19905606392749
-16.663346935530903, 25.189042750349145

0.010148567633042224, -0.11455019810702462
0.31062234022665275, -0.04092637633621851
0.6745072264408621, 0.1603317482753205
0.9739949061071854, 0.08171810457149312
0.08461274365428258, -1.6170864382566312
-1.1097598197178549, 5.005416947070594
6.628206396840341, -6.46445830836038
-11.262456917528873, -16.271595092060853
-16.754642523660614, 25.129881576472428

0.009865756536635196, -0.11481475988891789
-0.4222889341730893, 0.042777252798765354
0.15023609157952178, 0.594070770766469
0.6852934439058821, 0.606930769189221
0.5587245765090437, -1.4674723948623654
-0.8512842902602981, 5.042422282346445
6.76112827718797, -6.311965918110653
-11.149693053381776, -16.343372732623944
-16.845720877293516, 25.070393360984255

0.009582611343430048, -0.11506541261059197
0.01631405039279941, -0.4820696859744712
-0.49947380751271253, 0.40419808603310214
0.15222435406217694, 0.8722011791836569
0.9691921904387824, -1.1632180562178818
-0.5906408907369631, 5.066441228454572
6.890891344672222, -6.156573481208519
-11.036402857017817, -16.414384976921344
-16.936580842983567, 25.010578914051294

0.009298102028292782, -0.11530245516271144
-0.062436236831693526, 0.26539479555047935
-0.7091556485239267, -0.23643994449030606
-0.4320552716974816, 0.7903140448418069
1.2601778758336009, -0.7295701247493361
-0.32847577706717035, 5.0773188259070015
7.017427150184856, -5.9983470786938
-10.922591241603174, -16.484627843263194
-17.0272212707064, 24.9504390497961

0.00901180434230915, -0.11552677340569412
-0.39343151365396084, -0.3209482539438705
-0.29963017608231557, -0.7723276208088493
-0.8661622018975969, 0.3982436278081495
1.3868165210451806, -0.21576377388752602
-0.06544834845791257, 5.074931370647161
7.140668665099324, -5.837354619899627
-10.808263152192598, -16.554097377294468
-17.11764101384919, 24.889974586233823

0.008724603626465929, -0.11574015575472614
0.3152369808685206, -0.08677911166068185
0.3770778071699043, -0.7355281375951106
-1.0072731566605186, -0.166387234812136
1.3280096631445761, 0.311453847064383
0.19777014582181127, 5.059187659855463
7.260550338487665, -5.673665809986607
-10.693423565640556, -16.622789652350484
-17.207838929191144, 24.82918634520775

0.00843889741630223, -0.11594286359526072
-0.4098916285600735, 0.06883698985955855
0.7261802186474635, -0.15078423859324555
-0.8102547177431125, -0.7141067172331086
1.0934925122321368, 0.7821549538347267
0.4604981168278691, 5.030030196418332
7.3770081534746454, -5.507352114784281
-10.57807749051998, -16.69070076981263
-17.29781387688017, 24.768075152327903

0.008155885961455228, -0.11613401867384773
-0.02285788174424899, -0.48959524050628145
0.43432471166629116, 0.4650061222017538
-0.3385588815996429, -1.060421834602733
0.7205380865121553, 1.1391664266648593
0.7220452707061432, 4.9874363420886585
7.489979682847328, -5.338486723752379
-10.462229967015443, -16.7578268594533
-17.387564720404633, 24.70664183691602

0.007876312876843542, -0.11631297217139731
-0.026865217822889406, 0.2619175015207366
-0.23661390454597658, 0.5665809117548373
0.25136507565185884, -1.0819909268224301
0.2625131005481344, 1.3479592580706432
0.9817143678059738, 4.931419405219187
7.59940414278412, -5.167144510472534
-10.345886066821608, -16.82416407981038
-17.477090326561385, 24.64488723195183

0.007600015406520149, -0.11647916094096579
-0.4110048461994965, -0.2955360672442661
-0.6960772036877206, 0.07213990249238589
0.7542452887491078, -0.7625155640990894
-0.2239726736095733, 1.397814766302105
1.2388031108673963, 4.862029656813087
7.705222445651033, -4.9934019902713525
-10.229050893060249, -16.889708618539114
-17.56638956542802, 24.58281217402769

0.007327003899948035, -0.11663372360480988
0.31439742259312464, -0.13288016381035384
-0.54897042477124, -0.5853696769310656
0.9862854116454041, -0.20963555529191047
-0.6881301188108481, 1.2970909879870915
1.4926061642947297, 4.7793552425128345
7.8073772523724, -4.817337276425786
-10.111729580152844, -16.95445669271248
-17.65546131033409, 24.52041750331786

0.0070589493014894845, -0.11677745307888752
-0.395160231065632, 0.09417339902724968
0.07878084583360441, -0.8362596665338973
0.8597826237105908, 0.377209428283503
-1.0891694398934266, 1.0668363810730737
1.7424172845618495, 4.683522978462976
7.905813022671246, -4.639030034796211
-9.993927293654773, -17.01840454914758
-17.744304437824223, 24.457704063549542

0.006797311617018519, -0.11691026050661839
-0.061670537840823395, -0.49311624293964895
0.6415641725104327, -0.45489784708520364
0.42257914364221416, 0.7847142125042614
-1.3970318673737607, 0.7354025150513741
1.9875315652647727, 4.574699034086687
8.000476062628568, -4.458561435626398
-9.875649230118583, -17.081548464769277
-17.832917827623902, 24.394672701972805

0.00654372755439013, -0.1170314484547865
0.009091240762875413, 0.25512146475731157
0.6381761823371463, 0.2268995409626579
-0.16370745210417598, 0.8712488096079548
-1.591506821310052, 0.334833308340248
2.227247796452303, 4.453089480894
8.091314570923736, -4.276014102745146
-9.756900616961918, -17.14388474693703
-17.9213003626122, 24.331324269341234

0.006298282741357441, -0.11713925704166306
-0.42613412103130377, -0.26885600876014
0.07150040313049624, 0.6030889770193307
-0.6919772869579435, 0.615132529531347
-1.6609998561235573, -0.10120280675705538
2.4608709294542797, 4.318940684561958
8.17827868353038, -4.091472061313864
-9.637686712303427, -17.205409733755154
-18.009450928795097, 24.267659619899838

0.006059599618397839, -0.11723374361078978
0.30818991199943907, -0.17835720952101392
-0.5543897999537037, 0.3466583464707141
-0.9848081957109568, 0.11110214223005072
-1.6016043756229645, -0.5384699701529948
2.6877146306100603, 4.17253952561247
8.26132051565493, -3.905020683449978
-9.518012804800476, -17.266119794391432
-18.097368415281707, 24.2036796113764

0.005827151730530483, -0.11731621890249384
-0.3780410111169432, 0.11861607357961931
-0.6961499282332404, -0.3120446308125427
-0.9475217086817304, -0.4692120080664403
-1.4167461941347588, -0.9427352961094678
2.9071039113867143, 4.014213437016951
8.340394201620926, -3.7167466318128914
-9.397884213475418, -17.32601132936572
-18.185051714265143, 24.13938510498119

0.00560093007218214, -0.11738881521768454
-0.09965991198028491, -0.4928251093126943
-0.23276158932488805, -0.802339523159233
-0.5921349127348173, -0.9317500512566134
-1.1174711320536237, -1.2803200986730012
3.1183778190487415, 3.844330252061336
8.415455932010538, -3.5267378018186712
-9.277306287506757, -17.38508077083532
-18.27249972100128, 24.074776965408898

0.005383074949859697, -0.11745381164523963
0.04520954589476847, 0.2448508596290367
0.43681441003299704, -0.6946069847133463
-0.034469382538274966, -1.1173593201090388
-0.723315796946938, -1.5190949159669758
3.320892185648505, 3.663297854538515
8.486463986845463, -3.3350832618824233
-9.156284406034445, -17.443324582922394
-18.3597113337912, 24.00985606083686

0.0051762992798068804, -0.11751119377790677
-0.43873400556916575, -0.2410543907347147
0.7225759053218477, -0.07603279867019754
0.5360667525350639, -0.9542983022815473
-0.2635121570153379, -1.630429354343098
3.5140224117549264, 3.4715636036314055
8.553378765158648, -3.141873191384508
-9.034823977996467, -17.500739262014832
-18.44668545397614, 23.944623262929795

0.004982135989341527, -0.11756020404263763
0.29679668281756766, -0.2225112943980662
0.3677182644449298, 0.5056292349235368
0.9155810201334292, -0.4918305308234531
0.2220827313424794, -1.5926313303398
3.697166252407102, 3.269613527095747
8.616162811548396, -2.947198817476771
-8.912930441925782, -17.557321337003533
-18.53342098593474, 23.879079446855336

0.004801241444997355, -0.11759954455236238
-0.35850264997864023, 0.14197970007887697
-0.30968285678769925, 0.53651440864754
0.9625366144379907, 0.10688136986212528
0.6835208971876265, -1.396155966254722
3.869746592329381, 3.057971291377296
8.674780837987177, -2.7511523515995093
-8.790609265716006, -17.61306736953597
-18.61991683707779, 23.81322549129698

0.004632388443334613, -0.11762879559207387
-0.13653052190778014, -0.48897854536481494
-0.7148552668897363, -0.0027731180525505097
0.6590136650491233, 0.6237152127974096
1.0645457500803304, -1.0499393967245032
4.031214194356865, 2.837196936123052
8.729199739690952, -2.5538269255415833
-8.66786594640346, -17.667973954283816
-18.706171917848817, 23.747062278465105

0.004475050751015778, -0.1176494754484144
0.08113458791565796, 0.23089309162276964
-0.49991882298818113, -0.6413425050942676
0.11894457468821668, 0.8737938465907011
1.3111697438115018, -0.5864137043858301
4.181050391377068, 2.607885373463897
8.77938860497306, -2.3553165283666844
-8.544706009944363, -17.722037719184833
-18.792185141729103, 23.680590694112052

0.0043297003876211805, -0.11766283403980239
-0.4486887297510429, -0.2123662348491518
0.15110461521628946, -0.8251671648387934
-0.46235435624773014, 0.7757099212467549
1.3843008594911184, -0.061045024786511755
4.31876970727774, 2.3706646484094893
8.82531871805664, -2.1557159460130793
-8.421135010982336, -17.77525532568747
-18.87795542524393, 23.61381162754458

0.004197234353112037, -0.1176702477833982
0.28058828661021207, -0.2645963017774385
0.6710380286192398, -0.3864081970810424
-0.8849941804775647, 0.37201662059868024
1.2715987713968158, 0.4567553808039751
4.443922362835602, 2.126193959302452
8.866963554682336, -1.9551207060458775
-8.297158532635216, -17.82762346898977
-18.963481687977254, 23.54672597163714

0.004079198429833316, -0.11767182390518245
-0.33654563551816846, 0.16400911259662743
0.5959890436933107, 0.2913469419584319
-1.0101404140324395, -0.19603432461846393
0.991716389081745, 0.8992914711085185
4.556096647413297, 1.8751614627789825
8.904298772097011, -1.7536270318785994
-8.17278218626567, -17.879138878221486
-19.04876285259008, 23.479334622853038

0.003975300986903818, -0.11766703970885438
-0.1718938216317925, -0.4818356176326055
-0.006592553418447001, 0.6059334249413081
-0.797730342068218, -0.7379279167588285
0.5880550544062914, 1.2154134868001165
4.654921148669342, 1.6182818739995453
8.937302196220346, -1.5513318128616946
-8.048011611212495, -17.92979831662579
-19.133797844833005, 23.41163848126124

0.003884848623061138, -0.11765684861390144
0.11648160452036357, 0.21312671456292895
-0.6018254787243055, 0.28585537617833096
-0.3161452920871354, -1.070816608793623
0.11615645642429626, 1.377823344266536
4.740066808190909, 1.356293858417851
8.965953811790584, -1.3483325964873751
-7.922852474543643, -17.97959858178121
-19.218585593562047, 23.34363845054471

0.003807481482464798, -0.11764259890123167
-0.45592285758265466, -0.18301735037347505
-0.6740925942307348, -0.3838585169065407
0.2746355103038175, -1.0754964552307897
-0.3683887975428125, 1.3820513662033354
4.811248754547267, 1.0899572394114132
8.990235770508985, -1.144727608092467
-7.7973104708363525, -18.028536505796467
-19.30312503076428, 23.27533543801197

0.003743527628084761, -0.11762668796347424
0.2600127192042633, -0.30405809196813227
-0.16168572956185448, -0.8232225537536848
0.7685984344799097, -0.7414498211105658
-0.81750565467974, 1.2408318920446106
4.868227905899553, 0.8200500515312849
9.010132440299552, -0.9406157992800036
-7.6713913219395575, -18.07660895546031
-19.387415091583605, 23.206730354612805

0.0036952149725490374, -0.1176105149045422
-0.3121675882318765, 0.18447217122150603
0.4934617337245924, -0.6456047166885421
0.9849002088279737, -0.18181924466128807
-1.1935907108241868, 0.9778351619498294
4.910812312117324, 0.5473654461265026
9.025630523217036, -0.7360969111771648
-7.5451007767265725, -18.123812832391845
-19.47145471434547, 23.137824114949215

0.0036640115489150232, -0.11759356604640517
-0.20554550058628682, -0.47170075519354127
0.7126522384645543, -9.865727846191149e-05
0.8417975767940599, 0.4012597904243685
-1.4695995876388532, 0.6227904853027534
4.938858210002344, 0.27270846807130894
9.036719263982175, -0.5312715147589611
-7.418444610856919, -18.170145073175952
-19.555242840585407, 23.068617637286653

0.003650395627140343, -0.1175749710649285
0.15082991591202588, 0.19137876139670126
0.29883578396513033, 0.5408445134383019
0.39351801806412967, 0.7960841090951362
-1.6279681699445256, 0.20837914413846712
4.952270795345251, -0.0031072928627068675
9.043390740156516, -0.32624096865474067
-7.291428626520238, -18.215602649479194
-19.638778415075034, 22.999111843564116

0.0036532067180864523, -0.11755353006752974
-0.460388871211587, -0.15323708711051484
-0.37743997517302735, 0.5007210627283959
-0.1944332242705775, 0.8660465917941611
-1.6594292254891119, -0.23147990406996075
4.951004699354756, -0.2792631802598185
9.045640168241018, -0.12110723765943096
-7.164058652193968, -18.260182568197997
-19.722060385846937, 22.92930765939576

0.003669990591320183, -0.11753025925300882
0.23560068558500213, -0.3404123674943905
-0.7239220665738172, -0.07752695475059815
-0.7148048618444157, 0.5954215406204916
-1.5622380863399492, -0.6624959223514297
4.935064181851881, -0.5549390262107922
9.043466115494349, 0.08402743562496766
-7.036340542440807, -18.303881871588235
-19.805087704228423, 22.859206014072452

0.003699864659724526, -0.11750754840495564
-0.2854344168786357, 0.20307853848889396
-0.443475545986994, -0.6903353760811846
-0.9931165349416207, 0.0836308876828024
-1.3420043179800898, -1.050527388314607
4.9045031040049185, -0.8293167327731283
9.03687052397204, 0.2890609318903733
-6.908280177694333, -18.34669763733303
-19.88785932487701, 22.788807840570552

0.0037427549013011167, -0.11748766018538294
-0.23723616305148226, -0.45886072069935024
0.223807559403623, -0.8051543713125754
-0.9393845469626527, -0.4953545588013475
-1.0121609773104683, -1.3622155095623447
4.859424670738445, -1.1015838327374066
9.025858535473398, 0.49389160780420116
-6.779883464020836, -18.38862697861146
-19.97037420580701, 22.718114075555206

0.003800032734990893, -0.11747260276709143
0.18360699674481973, 0.16564903524126667
0.695178632995033, -0.3138732200957899
-0.5707980323619444, -0.9478139651761733
-0.5949670040998906, -1.566202129100864
4.799980905242755, -1.3709369626348051
9.01043819869594, 0.6984185121299012
-6.6511563329090295, -18.4296670441982
-20.05263130841809, 22.647125659375483

0.0038731464150253488, -0.11746215868989403
-0.46207066826918375, -0.12327917521670813
0.5493324422304982, 0.35218546696247005
-0.007583235656769713, -1.1176090467210438
-0.12271275596491238, -1.6354626973289552
4.726371842385065, -1.6365852081051158
8.990620172091957, 0.9025414560961292
-6.52210474108358, -18.469815018538327
-20.13462959752742, 22.5758435360606

0.003961728955580036, -0.1174559551028957
0.20792066389689273, -0.3732936409881611
-0.08238684920275889, 0.6016090485193686
0.5586126482587704, -0.9382093686906637
0.36162428744366126, -1.5512588663526832
4.638844433264516, -1.897753319617348
8.966417499119398, 1.106160987616723
-6.392734670322743, -18.509068121816114
-20.216368041399907, 22.50426865331497

0.004065158710014023, -0.117454133465745
-0.2564605575660524, 0.2195480319787963
-0.6404265791291779, 0.22136962768391466
0.9250877480681713, -0.464846326885631
0.805659979762223, -1.308809950657221
4.5376911576785375, -2.153684780358452
8.937845474195088, 1.3091783311318237
-6.263052127310079, -18.54742361002644
-20.297845611780208, 22.432401962509616

0.0041820938138820134, -0.11745733498761933
-0.26684981742425895, -0.44364916991644904
-0.6424392051797282, -0.4521763680410817
0.9550838656699441, 0.1350089628571845
1.1526828019931885, -0.9235942114793545
4.423248394552214, -2.4036447218742563
8.904921582658108, 1.5114953366381936
-6.133063143498556, -18.5848787750026
-20.37906128392616, 22.36024441867767

0.004312207462180709, -0.1174673838076222
0.2142744244276572, 0.13588006971300218
-0.08656231528326129, -0.835947505798634
0.637240884095959, 0.642792608226884
1.3516683394214164, -0.43522855491778106
4.2958945579630665, -2.6469226910660195
8.867665487979542, 1.7130144552664681
-6.002773774958307, -18.62143094444162
-20.46001403663458, 22.287796980507125

0.004456196315496678, -0.1174848318614104
-0.46097845266029197, -0.09339944105245974
0.5469644140738366, -0.590506749750192
0.09081047841976694, 0.8772824450434137
1.3703680594554242, 0.09536975737657255
4.156048006965945, -2.8828352237489865
8.826099040720322, 1.9136387424561572
-5.87219010225948, -18.65707748199269
-20.540702852264253, 22.21506061032219

0.004613991045907464, -0.11750963410720593
0.17753159324248974, -0.4025182109546282
0.6972079678569847, 0.07459586710605168
-0.4869388618724022, 0.7628711634486106
1.2055877411691212, 0.5975360180078103
4.00416478951072, -3.110728206384495
8.780246292684648, 2.1132718844846936
-5.741318230421739, -18.6918157873438
-20.62112671676702, 22.142036274066545

0.004785232780046904, -0.1175412048529282
-0.22536418748092432, 0.23358989809019984
0.2291629625662433, 0.5687570528658654
-0.8976957094629798, 0.3475954361830534
0.8843140973756898, 1.0071625463685154
3.8407362475330324, -3.329979037716857
8.730133509506317, 2.3118182423484215
-5.610164288873408, -18.725643296270547
-20.701284619716976, 22.06872494129062

0.004967739573737034, -0.11757906530169514
-0.294256843186523, -0.4263432967464296
-0.4385856069634854, 0.45808138532522946
-1.006644129576366, -0.22373249624470254
0.4549174720879318, 1.2797786795756658
3.6662864842896705, -3.5399985644755487
8.675789178342425, 2.509182906000631
-5.478734431423883, -18.758557480718192
-20.781175554334265, 21.995127585135194

0.0051593769181946985, -0.11762495395751421
0.24217128992915707, 0.10226465079217481
-0.7226723210229758, -0.15300480934156382
-0.778837230355822, -0.759630538602073
-0.025959631245056927, 1.3951987088702065
3.4813697359328506, -3.7402327810329625
8.617244007987216, 2.70527175453968
-5.347034836282191, -18.790555848913485
-20.860798517508893, 21.921245182311218

0.005359492423864729, -0.11768087010989615
-0.45715890003260923, -0.06382046155412816
-0.3796260035949334, -0.7335145749705644
-0.28760219973452605, -1.079027092024334
-0.5043780000653487, 1.3546808125446927
3.2865676663999945, -3.9301642975806046
8.554530922285288, 2.899991520074646
-5.215071706098344, -18.821635945491554
-20.94015250982224, 21.847078713080148

0.005568272429450208, -0.11774891598337901
0.1450246508616322, -0.42788612777986434
0.296618732033277, -0.777982597369729
0.3036303022643539, -1.0670026727954205
-0.935194419789996, 1.1747827392557437
3.082486605278503, -4.109313563328411
8.487685047591222, 3.09324985260551
-5.082851268032746, -18.851795351691358
-21.01923653556522, 21.772629161227933

0.005787537802355818, -0.11782982788003567
-0.1923712521176164, 0.24494937691961044
0.7140309783994488, -0.23973826167154255
0.788285106695377, -0.71889798905073
-1.2839769024605985, 0.8813828158658251
2.8697547687133262, -4.277239851595553
8.41674369393, 3.284955384628482
-4.950379773895893, -18.881031685614126
-21.09804960276139, 21.697897514038395

0.006017909257415633, -0.11792206364214201
-0.3194274857801851, -0.40722343931260874
0.4990887702796348, 0.4070076955919129
0.9886744490617773, -0.1532884307613691
-1.5266002184883574, 0.5053304110002201
2.6490194802337053, -4.43354203326344
8.341746330885254, 3.475017795574275
-4.817663500317286, -18.909342602475036
-21.176590723190234, 21.62288476227358

0.006258406810600614, -0.11802434052632853
0.26666246568084173, 0.06501444956823828
-0.15472851219539133, 0.5886114945141383
0.8291045792142105, 0.42522210901116797
-1.6480532783593804, 0.07979917762529024
2.420944385150484, -4.577859118361626
8.262734560294675, 3.6633478756587716
-4.684708748892888, -18.936725794918353
-21.254858912400508, 21.547591900150564

0.006507107616282467, -0.11813566485175438
-0.45069522556738933, -0.03476992550112636
-0.6697013878617567, 0.15236035116666868
0.3700984430874191, 0.8067570722509119
-1.6413375444855838, -0.3611224120712877
2.1862067074643994, -4.709870567124028
8.179752085595767, 3.8498575875797543
-4.55152184636219, -18.963178993467952
-21.332853189721472, 21.4720199253101

0.0067613172134306405, -0.11825687813537954
0.11086840109299338, -0.44942630324414773
-0.6014761739787109, -0.5179306522650539
-0.21909580238600107, 0.859814129528902
-1.5068566649697055, -0.7831446841786769
1.9454945680631415, -4.829296410159309
8.092844677014764, 4.0344601262447854
-4.418109144822004, -18.988699967056345
-21.410572578278547, 21.396169838786534

0.0070202298128503905, -0.11838982534369051
-0.15767966016642498, 0.25334158346686475
-0.008083918334005031, -0.8418911990615651
-0.7311965215538596, 0.5746113847792462
-1.2524370261336732, -1.1522808929517276
1.6995043639047633, -4.935897178212642
8.002060133820176, 4.217069977060139
-4.284477021922605, -19.01328652362043
-21.48801610500603, 21.32004264497985

0.007283758536111031, -0.11853529354708969
-0.3423320000329321, -0.3865345981325531
0.5966290919132947, -0.5312333198775903
-0.9947970425627048, 0.055202317508505086
-0.893973774833028, -1.435597236842485
1.448938229301699, -5.029473648680773
7.907448244059791, 4.397602972328036
-4.150631881040409, -19.03693651081215
-21.565182800658107, 21.24363935162444

0.007552160839873997, -0.11869369058556975
0.28712241790871884, 0.024532268314042423
0.676068785357256, 0.14587645195840546
-0.924710253503094, -0.5222372313227439
-0.4565463890215717, -1.6026997940362206
1.1945015907948484, -5.109866433120422
7.809060741700354, 4.575976345720779
-4.016580151423546, -19.05964781678572
-21.64207169982109, 21.166960969761742

0.007825360820799588, -0.11886397473975462
-0.44167862679301934, -0.006446195783364737
0.15904358110183806, 0.5877172948557698
-0.5432874823263559, -0.9645074317577007
0.024425580821993934, -1.6285010522338206
0.9369008185340139, -5.176955404829861
7.706951261928062, 4.752108785196076
-3.882328288244237, -19.081418371048528
-21.718681840917863, 21.090008513711904

0.008101496205102861, -0.11904572104495403
0.07558541541322497, -0.46709205592347913
-0.49298367117919556, 0.40782620863775865
0.02495208901556822, -1.118618662957506
0.5029177709281974, -1.497706880283933
0.6768409994888772, -5.230658987650684
7.601175295090914, 4.925920483629245
-3.747882772559178, -19.10224614544282
-21.79501226620819, 21.012783001037533

0.008379414129035407, -0.1192398033723875
-0.12160299414792058, 0.25855176653208317
-0.7118145295168031, -0.22954548782529688
0.5862655207914261, -0.9232916449787916
0.9245114141670737, -1.2108677268382206
0.41502382968000284, -5.270933339983592
7.491790137997062, 5.0973331866113725
-3.6132501112069417, -19.122129155197808
-21.871062021797552, 20.935285452508467

0.008658485570940087, -0.11944694911721211
-0.36296722554894617, -0.36451124453730543
-0.30992195097602954, -0.7715548218340288
0.9392864433820526, -0.439677635272069
1.2329081886257267, -0.7903736134225434
0.1521456160974041, -5.297771431413839
7.378854843055529, 5.266270238597
-3.4784368365848293, -19.14106545995251
-21.946830157643717, 20.857516892074937

0.008939133592647341, -0.11966812251337317
0.3029732728240343, -0.01863359687277302
0.3677753995560092, -0.7450988984466921
0.9521477168692793, 0.16058840662569462
1.3812370093428064, -0.2827846699997175
-0.11110459589753247, -5.311202010895105
7.262430166458135, 5.432656627280591
-3.3434495062550287, -19.159053164764313
-22.02231572755555, 20.779478346837656

0.00922255354360821, -0.11990231413694219
-0.43021260096885433, 0.02098552376639215
0.7263543729148172, -0.16585240918485816
0.6200656566141509, 0.6586807541391054
1.345047444072166, 0.24658386106923388
-0.3740467591446978, -5.311288504036133
7.1425785150666306, 5.596419025623243
-3.208294702414562, -19.176090421114406
-22.0975177891914, 20.701170847014374

0.009508067661488024, -0.12014756300632666
0.03956479032691629, -0.48100002081942056
0.44455003639101376, 0.4543046456317106
0.06753823029411463, 0.8771667570729772
1.1303963948283546, 0.7272952932204411
-0.6360114407692016, -5.2981278500502045
7.019363891943924, 5.75748583167535
-3.072979031240859, -19.19217542782119
-22.17243540405727, 20.622595425908983

0.009794098840137393, -0.12040244830890054
-0.08438639839869154, 0.26035239999243764
-0.2242577094488536, 0.5660496033881528
-0.5063551983528626, 0.7463142238165335
0.7718013898163163, 1.0999833108251342
-0.896341311561562, -5.271849285206924
6.892851841053856, 5.915787206207694
-2.937509122102856, -19.207306431845733
-22.247067637500766, 20.54375311987817

0.010077893359246796, -0.12066629447494873
-0.38137237838796845, -0.3413235288708847
-0.6906600697429689, 0.07850348624413493
-0.9050644177180724, 0.31961490494620803
0.32143243870616345, 1.3272254005198305
-1.1543925171992224, -5.232613091684319
6.763109390679428, 6.071255107427433
-2.8018916266951606, -19.22148172897211
-22.321413558708844, 20.464644968297204

0.010357243749332208, -0.12094075670464154
0.3137488306907534, -0.06387034989495413
-0.5530051147827145, -0.5812708407203413
-0.9979230094304332, -0.25470912802169887
-0.163922196179924, 1.3956640102556743
-1.4095359336541757, -5.180609308694091
6.630204995053163, 6.223823323470869
-2.666133218115631, -19.234699664273705
-22.395472240707566, 20.38527201353464

0.010632127375583672, -0.12122741356327839
-0.4163980894950824, 0.04737398090488429
0.07131235064782646, -0.8418310793976739
-0.7551018953534381, -0.784385143283379
-0.6324928614351516, 1.3117354906540915
-1.6611583004797423, -5.1160564190700235
6.4942084757736405, 6.3734275035144305
-2.5302405898736438, -19.246958632373687
-22.469242760351662, 20.305635300926646

0.010903075987672787, -0.12152704957216653
0.0031851600204168334, -0.49121172949877207
0.640370403837313, -0.4693850504094331
-0.25479305379490025, -1.0902321239931103
-1.0422275368310794, 1.095298868308146
-1.9086632416646243, -5.039200037388097
6.355190963223043, 6.520005186365067
-2.3942204548917965, -19.25825707757784
-22.542724198311177, 20.22573587874345

0.011171515782624064, -0.12183925783660683
-0.04642664421436161, 0.25857385678600003
0.6480350993073558, 0.2121910906699208
0.33621818722122226, -1.0616791826876602
-1.3618283848535175, 0.7740612118427973
-2.1514721906333225, -4.9503115986569
6.213224836969453, 6.663495826059055
-2.258079544581876, -19.26859349385261
-22.61591563906487, 20.145574798159288

0.01143749458714947, -0.12216182784272674
-0.3975621792439876, -0.31715683333685013
0.08766354623176888, 0.5968763313381331
0.8109283223618307, -0.6999534848468372
-1.569982988614757, 0.37975844506120876
-2.3890252157051934, -4.849687043280863
6.06838366527371, 6.803840815295344
-2.1218246079912007, -19.277966424617482
-22.688816170892057, 20.065153113228064

0.011699545145162379, -0.12249360728035437
0.3190753492030564, -0.11035987480485382
-0.5416401564862204, 0.349756893991318
0.9949887343683171, -0.12898318454929916
-1.654131451272182, -0.05406837168235686
-2.620781748559996, -4.737645512360599
5.920742144642836, 6.940983506857836
-1.9854624110320758, -19.28637446242433
-22.76142488586068, 19.98447188085849

0.011956432336422256, -0.12283405534554712
-0.40036157116412363, 0.0725589758298102
-0.6928988766162661, -0.3069905239224251
0.8188654518224336, 0.4443505573691254
-1.6094834630775885, -0.49322049252386974
-2.846221224029967, -4.614528062077685
5.770376038897607, 7.0748692322256685
-1.8489997358279198, -19.293816248548676
-22.833740879817114, 19.903532160791254

0.012206721736119011, -0.12318347103831213
-0.03318886862945071, -0.49788254557260836
-0.23657736176560176, -0.8045073408945155
0.34931819774005646, 0.8122048976341351
-1.4385899558070832, -0.9034431945415421
-3.0648436387146405, -4.480696401740036
5.617362117786896, 7.205445318422085
-1.7124433801603396, -19.30029047251527
-22.905763252371532, 19.822335015579565

0.012450616748558841, -0.12354251875976045
-0.008017301475978667, 0.2530389344461412
0.4349640453952571, -0.7073280494361902
-0.2408624709848842, 0.8482889635862978
-1.1515581726500137, -1.250953511628989
-3.276170039045653, -4.336531663241512
5.461778096484219, 7.332661103104013
-1.5758001570171358, -19.305795871644605
-22.97749110687919, 19.7408815105647

0.012688504737211484, -0.12391017670038756
-0.41156658109524275, -0.29213575031510075
0.7306285680118262, -0.09354411430835977
-0.7445729242858433, 0.5487120739942487
-0.7668617800866758, -1.5033550480453903
-3.479742946293204, -4.182433192923308
5.303702575209579, 7.456467946413284
-1.4390768942814485, -19.3103312306457
-23.048923550429468, 19.659172713852957

0.012919841740841194, -0.12428536601657972
0.31878140870939375, -0.1573441264182542
0.3851409876880164, 0.49320145028514445
-0.9935701173556677, 0.02201044367776304
-0.31252584340423883, -1.6314493119523625
-3.6751267099026546, -4.018817367736418
5.14321497800034, 7.5768192401046255
-1.3022804345314207, -19.313895381191355
-23.120059693837433, 19.577209696303814

0.013143647641780117, -0.12466684028594806
-0.38217793506722914, 0.09645719801334642
-0.29136918242559434, 0.5340793906398775
-0.9074502896453943, -0.5535513595018191
0.17286435882279635, -1.6124799025463643
-3.861907804681407, -3.846116452016045
4.98039549171281, 7.693670415481459
-1.1654176348821357, -19.316487201533576
-23.19089865162748, 19.494993531519132
